keyword,ok,volume,cpc,difficulty,intent,trend,error
laptop,True,1200000,1.8,92,commercial,stable,
yoga mat,True,246000,0.95,68,transactional,stable,
air fryer,True,1500000,0.8,85,transactional,rising,
kindle,True,823000,1.1,75,navigational,stable,
protein powder,True,368000,2.5,82,commercial,stable,
wireless earbuds,True,450000,1.4,88,transactional,stable,
phone case,True,673000,0.65,72,transactional,stable,
water bottle,True,550000,1.2,79,transactional,rising,
led lights,True,823000,0.45,65,commercial,stable,
gaming chair,True,301000,2.1,77,commercial,stable,
desk lamp,True,165000,0.9,58,transactional,stable,
bluetooth speaker,True,368000,1.15,81,transactional,stable,
electric toothbrush,True,201000,3.5,74,transactional,stable,
hair dryer,True,165000,1.25,70,transactional,stable,
shampoo,True,301000,1.75,84,informational,stable,
conditioner,True,135000,1.6,78,informational,stable,
running shoes,True,673000,1.9,86,transactional,rising,
backpack,True,550000,0.85,79,transactional,rising,
coffee maker,True,246000,2.2,80,commercial,stable,
instant pot,True,550000,0.7,82,navigational,stable,
robot vacuum,True,201000,1.65,76,commercial,stable,
smart watch,True,450000,1.5,89,commercial,stable,
tablet stand,True,74000,0.9,54,transactional,stable,
usb c hub,True,110000,1.4,62,transactional,stable,
portable charger,True,246000,1.1,68,transactional,stable,
webcam,True,165000,1.8,85,commercial,stable,
mechanical keyboard,True,201000,1.45,72,commercial,rising,
gaming mouse,True,135000,1.1,78,commercial,stable,
monitor stand,True,90500,2.5,64,commercial,stable,
office chair,True,301000,2.1,88,commercial,stable,
standing desk,True,246000,3.8,82,commercial,stable,
mattress topper,True,165000,1.9,79,commercial,rising,
pillow,True,201000,1.2,80,commercial,stable,
duvet cover,True,135000,0.95,71,commercial,stable,
kitchen knife,True,74000,1.75,68,commercial,stable,
cutting board,True,90500,1.3,62,commercial,stable,
cast iron skillet,True,110000,1.6,74,commercial,stable,
blender,True,165000,2.4,81,commercial,stable,
toaster,True,110000,1.5,65,commercial,stable,
microwave,True,201000,1.9,76,commercial,stable,
air purifier,True,301000,4.5,84,commercial,rising,
humidifier,True,246000,2.2,79,commercial,rising,
dehumidifier,True,201000,3.1,77,commercial,stable,
space heater,True,165000,1.8,72,commercial,rising,
fan,True,201000,0.8,70,commercial,stable,
extension cord,True,74000,0.9,58,transactional,stable,
power strip,True,60500,1.1,61,transactional,stable,
surge protector,True,90500,1.4,64,transactional,stable,
hdmi cable,True,165000,1.2,67,transactional,stable,
ethernet cable,True,135000,0.85,59,transactional,stable,
wifi router,True,201000,1.5,85,commercial,stable,
mesh wifi,True,110000,2.1,78,commercial,rising,
security camera,True,301000,2.5,90,transactional,stable,
doorbell camera,True,246000,3,88,transactional,stable,
smart bulb,True,74000,1.2,65,commercial,stable,
smart plug,True,90500,1.4,62,commercial,stable,
thermostat,True,165000,2.2,82,commercial,stable,
pet bed,True,135000,0.9,75,transactional,stable,
dog leash,True,60500,1.1,58,transactional,stable,
cat litter,True,110000,1.5,70,transactional,stable,
bird feeder,True,165000,0.8,60,informational,stable,
camping tent,True,135000,1.6,72,commercial,stable,
sleeping bag,True,110000,1.2,65,commercial,stable,
hiking backpack,True,90500,1.8,68,commercial,stable,
fishing rod,True,110000,1.4,74,commercial,stable,
bicycle pump,True,49500,1.1,52,transactional,stable,
bike lock,True,74000,1.3,55,transactional,stable,
car phone mount,True,110000,1.9,65,transactional,stable,
dash cam,True,246000,2.2,80,commercial,rising,
tire inflator,True,165000,1.5,68,transactional,stable,
jump starter,True,135000,2.4,75,transactional,stable,
tool set,True,60500,1.6,60,commercial,stable,
drill,True,165000,2,78,commercial,stable,
screwdriver set,True,40500,1.2,50,transactional,stable,
measuring tape,True,74000,1.1,58,transactional,stable,
paint roller,True,49500,1,42,commercial,stable,
garden hose,True,165000,2,65,commercial,stable,
lawn mower,True,301000,4,78,transactional,stable,
plant pot,True,60500,1,52,commercial,stable,
fertilizer,True,135000,3,58,commercial,stable,
sunscreen,True,368000,4,82,commercial,rising,
moisturizer,True,201000,3,76,commercial,stable,
face wash,True,165000,2,68,commercial,stable,
body lotion,True,90500,2,62,commercial,stable,
deodorant,True,110000,3,64,commercial,stable,
razor,True,74000,2,55,commercial,stable,
nail clipper,True,40500,1,38,commercial,stable,
toothbrush,True,90500,2,52,commercial,stable,
toothpaste,True,110000,2,58,commercial,stable,
floss,True,60500,1,45,commercial,stable,
vitamins,True,246000,5,88,informational,stable,
protein bar,True,135000,4,62,commercial,stable,
granola,True,90500,2,55,commercial,stable,
olive oil,True,165000,3,58,commercial,stable,
rice cooker,True,201000,2,72,transactional,stable,
slow cooker,True,110000,2,68,transactional,stable,
waffle maker,True,135000,2,65,transactional,stable,
ice cream maker,True,90500,3,62,transactional,stable,
juicer,True,165000,4,70,transactional,stable,
food processor,True,110000,3,74,transactional,stable,
hand mixer,True,165000,1.5,58,commercial,stable,
phone charger,True,201000,2.1,65,transactional,stable,
usb cable,True,90500,1.2,60,transactional,stable,
laptop stand,True,135000,1.8,55,commercial,stable,
microphone,True,301000,2.5,75,commercial,stable,
headset,True,165000,2.2,72,commercial,stable,
keyboard,True,450000,1.5,70,commercial,stable,
mouse,True,301000,1.4,68,commercial,stable,
mouse pad,True,110000,0.9,52,commercial,stable,
desk organizer,True,90500,1.1,48,commercial,rising,
monitor arm,True,74000,2.8,56,commercial,stable,
ssd drive,True,110000,3.5,64,transactional,stable,
hard drive,True,246000,2.4,62,transactional,declining,
flash drive,True,90500,1.1,54,transactional,declining,
memory card,True,74000,1.3,55,transactional,stable,
router,True,246000,4.5,68,commercial,stable,
printer,True,368000,3.2,70,commercial,stable,
ink cartridge,True,40500,5.5,58,transactional,stable,
paper towels,True,135000,1.2,65,transactional,stable,
trash bags,True,74000,1.4,60,transactional,stable,
laundry detergent,True,110000,2.5,62,transactional,stable,
fabric softener,True,49500,1.8,50,commercial,stable,
dishwasher pods,True,33100,3.2,55,transactional,stable,
hand soap,True,90500,1.9,58,transactional,stable,
body wash,True,201000,1.5,64,commercial,stable,
lip balm,True,165000,1.8,85,commercial,stable,
shaving cream,True,49000,2.5,68,commercial,stable,
cotton swabs,True,33000,1.2,45,transactional,stable,
band aids,True,74000,1.5,72,commercial,stable,
first aid kit,True,110000,3.5,78,commercial,stable,
vitamins d,True,246000,1.2,82,informational,stable,
fish oil,True,135000,2.1,79,commercial,stable,
collagen,True,301000,4.5,92,commercial,rising,
creatine,True,450000,2.8,88,informational,rising,
pre workout,True,201000,5.5,86,commercial,stable,
protein shake,True,110000,3.2,81,commercial,stable,
meal prep containers,True,90500,2.4,74,transactional,stable,
water filter,True,135000,4.2,84,commercial,stable,
coffee beans,True,90500,3.8,76,commercial,stable,
tea bags,True,27000,1.5,55,commercial,stable,
matcha,True,165000,3.1,83,commercial,rising,
protein cookies,True,40500,2.9,64,commercial,stable,
energy drinks,True,110000,2.2,79,commercial,rising,
soda stream,True,90500,1.8,70,navigational,stable,
blender bottle,True,60500,1.4,62,navigational,stable,
lunch box,True,165000,1.6,80,transactional,stable,
thermos,True,74000,1.9,68,commercial,stable,
travel mug,True,49500,2.6,73,commercial,stable,
wine glasses,True,110000,2.1,77,transactional,stable,
baking sheet,True,40500,1.7,65,transactional,stable,
mixing bowls,True,110000,1.2,72,commercial,stable,
storage bins,True,246000,0.9,85,commercial,stable,
vacuum bags,True,90500,1.45,68,transactional,stable,
hangers,True,135000,0.65,78,commercial,stable,
shoe rack,True,301000,1.1,82,commercial,stable,
laundry basket,True,165000,0.75,75,commercial,stable,
ironing board,True,74000,1.35,64,commercial,stable,
steam iron,True,60500,2.1,69,commercial,stable,
tower fan,True,201000,1.05,76,commercial,rising,
ceiling fan,True,450000,1.5,88,commercial,stable,
light bulbs,True,165000,1.15,74,transactional,stable,
smoke detector,True,135000,2.8,68,transactional,stable,
carbon monoxide detector,True,110000,3.5,65,informational,stable,
fire extinguisher,True,165000,2.4,72,transactional,stable,
tape measure,True,90500,1.1,60,commercial,stable,
level tool,True,49500,1.3,58,commercial,stable,
paint brushes,True,110000,1.6,66,commercial,stable,
wallpaper,True,673000,1.85,90,commercial,rising,
curtain rods,True,246000,1.4,74,commercial,stable,
blackout curtains,True,301000,1.65,84,transactional,stable,
throw pillows,True,201000,1.2,86,commercial,stable,
blanket,True,368000,1.1,89,commercial,rising,
bed sheets,True,246000,1.9,87,transactional,stable,
pillow cases,True,74000,0.85,62,commercial,stable,
alarm clock,True,165000,1.55,70,commercial,stable,
night light,True,165000,1,68,commercial,stable,
book light,True,74000,1,52,commercial,stable,
kindle case,True,110000,2,72,transactional,stable,
ipad case,True,246000,2,85,transactional,stable,
phone holder,True,90500,1,65,commercial,stable,
car mount,True,60500,2,61,commercial,stable,
car vacuum,True,135000,2,74,transactional,stable,
car phone charger,True,49500,2,55,transactional,stable,
bike lights,True,74000,1,58,commercial,stable,
helmet,True,135000,3,88,informational,stable,
yoga block,True,49500,1,45,commercial,stable,
resistance bands,True,165000,2,70,commercial,stable,
dumbbells,True,201000,3,82,transactional,stable,
kettlebell,True,110000,3,75,transactional,stable,
jump rope,True,135000,1,62,commercial,stable,
foam roller,True,90500,1,58,commercial,stable,
massage gun,True,110000,3,76,transactional,stable,
running belt,True,33100,1,48,commercial,stable,
gym bag,True,135000,2,68,transactional,stable,
camping stove,True,60500,2,59,commercial,stable,
flashlight,True,165000,1,74,informational,stable,
headlamp,True,90500,1,63,commercial,stable,
pocket knife,True,135000,2,80,commercial,stable,
multi tool,True,49500,2,65,commercial,stable,
suitcase,True,165000,3,84,transactional,stable,
travel adapter,True,90500,1.2,65,commercial,stable,
packing cubes,True,110000,0.85,58,transactional,rising,
passport holder,True,74000,0.9,52,transactional,stable,
wallet,True,301000,2.5,85,commercial,stable,
crossbody bag,True,246000,1.4,72,transactional,rising,
tote bag,True,165000,1.1,78,commercial,stable,
messenger bag,True,90500,1.6,60,transactional,stable,
sunglasses,True,550000,3.5,92,commercial,stable,
reading glasses,True,135000,1.8,64,transactional,stable,
watch band,True,110000,1.2,55,transactional,stable,
necklace,True,368000,2.1,88,commercial,stable,
bracelet,True,201000,1.9,82,commercial,stable,
earrings,True,301000,1.7,85,commercial,stable,
ring box,True,49500,1.1,48,transactional,stable,
jewelry organizer,True,60500,0.95,54,transactional,rising,
dog collar,True,135000,1.3,62,transactional,stable,
aquarium filter,True,40500,2.2,45,commercial,stable,
plant pots,True,90500,0.75,58,transactional,rising,
leaf blower,True,165000,2.8,68,commercial,stable,
pressure washer,True,246000,3.2,70,commercial,stable,
patio furniture,True,450000,4.5,84,commercial,stable,
grill cover,True,74000,1.5,52,transactional,stable,
coolers,True,201000,2.4,75,commercial,stable,
ice packs,True,60500,1.1,42,transactional,stable,
beach towel,True,135000,0.8,64,transactional,rising,
swim goggles,True,110000,1.2,55,commercial,stable,
snorkel set,True,60000,1.5,48,commercial,stable,
tackle box,True,90000,0.8,42,commercial,stable,
binoculars,True,165000,1.6,60,commercial,stable,
telescope,True,135000,1.9,58,commercial,stable,
microscope kit,True,18000,1.1,35,commercial,stable,
lego set,True,450000,2.5,75,commercial,rising,
board games,True,301000,1.4,70,informational,stable,
puzzles,True,201000,0.9,65,commercial,stable,
playdough,True,40000,0.5,40,transactional,stable,
crayons,True,60000,0.4,45,transactional,stable,
markers,True,110000,0.7,50,commercial,stable,
sketchbook,True,74000,1.2,38,commercial,stable,
watercolor paints,True,49000,1.3,42,commercial,stable,
canvas panels,True,15000,1.1,32,transactional,stable,
guitar strings,True,90000,1.5,45,transactional,stable,
piano keyboard,True,165000,2.8,62,commercial,stable,
drum sticks,True,40000,0.9,35,transactional,stable,
microphone stand,True,33000,1.4,40,commercial,stable,
camera tripod,True,49000,2.1,48,commercial,stable,
camera bag,True,40000,1.8,45,commercial,stable,
lens cleaner,True,22000,0.6,25,transactional,stable,
drone,True,246000,2.2,72,commercial,stable,
action camera,True,74000,2.5,55,commercial,stable,
gopro mount,True,18000,1.6,38,transactional,stable,
sd card reader,True,165000,1.2,68,transactional,stable,
external battery,True,74000,1.5,72,transactional,stable,
power bank,True,246000,1.8,85,transactional,rising,
solar charger,True,90500,1.4,70,transactional,stable,
cable organizer,True,110000,0.9,55,commercial,stable,
desk mat,True,135000,0.8,62,transactional,rising,
monitor light,True,49500,1.1,52,commercial,rising,
webcam light,True,27100,0.95,48,commercial,stable,
ring light,True,201000,1.3,78,transactional,declining,
green screen,True,110000,1.1,65,transactional,declining,
tripod,True,165000,1.45,82,transactional,stable,
selfie stick,True,60500,0.7,58,transactional,declining,
bluetooth tracker,True,33100,2.5,75,commercial,rising,
airtag case,True,49500,1.2,64,transactional,stable,
key finder,True,40500,2.2,68,commercial,stable,
label maker,True,165000,1.8,76,transactional,stable,
laminator,True,90500,1.4,60,transactional,stable,
stapler,True,74000,0.6,52,transactional,stable,
binder clips,True,49500,0.4,45,transactional,stable,
notebooks,True,201000,0.9,88,informational,rising,
planners,True,165000,1.2,80,commercial,rising,
pens,True,135000,0.8,85,transactional,stable,
gel pens,True,60500,0.75,62,transactional,stable,
mechanical pencils,True,90500,0.85,58,transactional,stable,
highlighters,True,74000,0.65,55,transactional,stable,
sticky notes,True,165000,1.2,75,transactional,stable,
white board,True,246000,2.5,82,commercial,stable,
cork board,True,90000,1.8,65,transactional,stable,
calendar,True,1500000,1.1,90,informational,stable,
desk clock,True,49000,2.2,58,transactional,stable,
wall clock,True,201000,1.7,72,transactional,stable,
picture frames,True,301000,1.4,80,transactional,stable,
mirrors,True,450000,2.1,85,transactional,stable,
vases,True,135000,1.3,68,transactional,stable,
candles,True,368000,1.5,78,transactional,rising,
essential oils,True,165000,2.8,88,commercial,stable,
diffuser,True,110000,2.4,74,transactional,stable,
incense,True,135000,1.2,62,transactional,stable,
room spray,True,40000,2,55,transactional,rising,
cleaning wipes,True,49000,2.5,68,transactional,stable,
glass cleaner,True,33000,1.9,60,commercial,stable,
floor cleaner,True,27000,2.3,63,commercial,stable,
mop,True,110000,1.6,70,transactional,stable,
broom,True,90000,1.1,65,transactional,stable,
dustpan,True,22000,0.9,45,transactional,stable,
sponge,True,74000,0.7,52,transactional,stable,
scrub brush,True,18000,1.3,48,transactional,stable,
rubber gloves,True,33000,1.1,54,transactional,stable,
apron,True,135000,1.4,72,transactional,stable,
oven mitts,True,60000,1.2,58,transactional,stable,
pot holders,True,49500,1.2,48,commercial,stable,
spice rack,True,165000,1.85,62,commercial,rising,
salt pepper shakers,True,90500,1.45,55,commercial,stable,
measuring cups,True,74000,1.1,52,commercial,stable,
measuring spoons,True,40500,0.95,45,commercial,stable,
can opener,True,110000,2.1,58,commercial,stable,
bottle opener,True,60500,1.3,42,commercial,stable,
corkscrew,True,49500,2.5,48,commercial,stable,
peeler,True,33100,0.85,40,commercial,stable,
grater,True,27100,0.9,44,commercial,stable,
colander,True,40500,1.15,51,commercial,stable,
salad spinner,True,74000,1.75,54,commercial,rising,
food scale,True,135000,2.2,65,commercial,rising,
kitchen timer,True,49500,1.05,48,commercial,stable,
instant coffee,True,90500,1.4,58,commercial,rising,
oat milk,True,201000,3.5,72,commercial,rising,
almond milk,True,165000,2.8,68,commercial,stable,
protein pasta,True,49500,2.1,52,informational,rising,
quinoa,True,246000,1.2,60,informational,stable,
chia seeds,True,135000,1.1,55,informational,stable,
granola bars,True,74000,2.4,61,commercial,stable,
trail mix,True,90500,1.6,58,commercial,stable,
jerky,True,110000,2.2,64,commercial,rising,
nuts mix,True,22200,1.3,45,commercial,stable,
dried fruit,True,60500,1.5,52,commercial,stable,
honey,True,301000,1.2,75,informational,stable,
maple syrup,True,165000,0.85,68,commercial,stable,
peanut butter,True,201000,0.95,65,commercial,stable,
almond butter,True,90500,1.45,58,commercial,stable,
jam,True,110000,0.65,62,informational,stable,
hot sauce,True,246000,1.1,70,commercial,rising,
soy sauce,True,135000,0.75,64,informational,stable,
olive oil spray,True,33100,2.1,45,transactional,rising,
coconut oil,True,201000,1.25,72,informational,declining,
avocado oil,True,110000,1.85,63,commercial,rising,
vinegar,True,165000,0.55,66,informational,stable,
baking soda,True,246000,0.9,74,informational,stable,
flour,True,201000,0.45,68,informational,stable,
sugar,True,165000,0.6,71,informational,stable,
chocolate chips,True,90500,1.3,55,commercial,stable,
cake mix,True,110000,1.5,52,transactional,stable,
frosting,True,135000,0.8,58,informational,stable,
sprinkles,True,74000,1.1,48,transactional,stable,
ice cream,True,450000,0.75,82,informational,stable,
frozen pizza,True,90500,1.4,56,transactional,stable,
frozen berries,True,27100,1.15,42,commercial,rising,
yogurt,True,201000,0.85,78,informational,stable,
cheese,True,368000,0.7,80,informational,stable,
butter,True,301000,0.65,74,informational,stable,
eggs,True,550000,0.5,85,informational,stable,
chicken breast,True,450000,1.8,88,informational,stable,
ground beef,True,300000,1.5,82,informational,stable,
salmon,True,550000,2.2,85,informational,stable,
shrimp,True,450000,1.6,78,informational,stable,
tofu,True,250000,1.2,75,informational,stable,
tempeh,True,90000,1.4,68,informational,stable,
seitan,True,75000,1.3,65,informational,stable,
plant burger,True,40000,3.5,62,commercial,rising,
veggie chips,True,50000,2.8,58,commercial,stable,
tortilla chips,True,110000,1.9,72,informational,stable,
salsa,True,200000,1.5,75,informational,stable,
guacamole,True,250000,1.7,80,informational,stable,
hummus,True,165000,1.4,74,informational,stable,
crackers,True,90000,2.1,70,informational,stable,
cookies,True,800000,1.2,92,informational,stable,
brownies,True,450000,1.3,88,informational,stable,
muffins,True,200000,1.1,82,informational,stable,
bagels,True,165000,1.5,78,informational,stable,
bread,True,600000,1.1,90,informational,stable,
english muffins,True,90000,1.8,65,informational,stable,
cereal,True,200000,2.4,79,informational,stable,
oatmeal,True,250000,1.4,76,informational,stable,
pancake mix,True,60000,2.6,60,commercial,stable,
syrup,True,110000,1.9,72,informational,stable,
waffles,True,200000,1.4,78,informational,stable,
smoothie mix,True,22000,1.8,45,commercial,stable,
juice,True,165000,0.95,88,informational,stable,
sparkling water,True,110000,1.2,72,commercial,rising,
baby formula,True,90000,3.5,65,transactional,stable,
diapers,True,246000,1.1,78,transactional,stable,
baby wipes,True,135000,0.85,60,transactional,stable,
baby bottles,True,74000,1.45,55,commercial,stable,
pacifier,True,60000,0.9,52,commercial,stable,
baby monitor,True,165000,2.8,70,commercial,stable,
stroller,True,201000,2.5,75,commercial,stable,
car seat,True,301000,3.2,72,commercial,stable,
high chair,True,90000,1.6,58,commercial,stable,
baby clothes,True,301000,1.2,82,commercial,stable,
swaddle,True,74000,1.1,54,commercial,stable,
crib sheets,True,49500,1.35,48,transactional,stable,
nursing pillow,True,60000,2.1,52,commercial,stable,
breast pump,True,110000,4.5,68,commercial,stable,
pregnancy pillow,True,135000,1.75,62,commercial,stable,
maternity belt,True,27000,1.4,45,commercial,stable,
makeup brushes,True,110000,1.65,65,commercial,stable,
foundation,True,246000,2.4,85,commercial,stable,
mascara,True,201000,1.85,78,commercial,stable,
eyeliner,True,135000,1.4,75,commercial,stable,
lipstick,True,165000,1.6,79,commercial,stable,
nail polish,True,165000,1.2,72,commercial,stable,
nail file,True,49500,0.45,45,commercial,stable,
hair clips,True,110000,0.8,62,commercial,rising,
hair ties,True,74000,0.65,55,transactional,stable,
hair straightener,True,135000,1.4,78,commercial,stable,
curling iron,True,165000,1.2,75,commercial,stable,
hot rollers,True,40500,1.1,52,commercial,rising,
hair oil,True,90500,1.5,70,informational,rising,
leave in conditioner,True,110000,1.35,68,commercial,stable,
dry shampoo,True,135000,1.8,72,transactional,stable,
hair mask,True,90500,1.25,65,informational,stable,
beard oil,True,74000,1.1,58,commercial,stable,
beard trimmer,True,165000,1.6,76,commercial,stable,
electric shaver,True,90500,1.75,74,transactional,stable,
nose trimmer,True,49500,1.2,55,commercial,stable,
foot file,True,33100,0.9,48,commercial,stable,
callus remover,True,60500,1.1,55,commercial,stable,
bath bombs,True,110000,0.75,60,transactional,stable,
loofah,True,60500,0.4,42,commercial,stable,
shower curtain,True,246000,0.85,72,transactional,stable,
bath mat,True,165000,0.9,68,transactional,stable,
towel set,True,40500,1.2,62,commercial,stable,
hand towels,True,60500,0.95,58,commercial,stable,
toilet paper,True,201000,0.6,65,transactional,stable,
plunger,True,74000,0.7,50,commercial,stable,
toilet brush,True,49500,0.65,52,commercial,stable,
shower head,True,165000,1.8,85,commercial,stable,
bathroom scale,True,90500,0.9,72,commercial,stable,
makeup organizer,True,110000,1.2,68,commercial,rising,
jewelry box,True,135000,0.75,70,commercial,stable,
perfume,True,450000,2.5,92,commercial,stable,
cologne,True,301000,2.1,88,commercial,stable,
hand cream,True,60500,1.1,65,commercial,stable,
cuticle oil,True,49500,0.95,58,informational,rising,
acne patches,True,135000,2.2,74,transactional,rising,
retinol cream,True,90500,3.5,82,commercial,stable,
vitamin c serum,True,165000,4.2,85,commercial,stable,
hyaluronic acid,True,201000,3.8,81,informational,stable,
eye cream,True,110000,2.8,79,commercial,stable,
face mask,True,165000,1.5,75,commercial,declining,
toner,True,90500,1.6,72,commercial,stable,
cleanser,True,74000,2,78,commercial,stable,
cotton pads,True,33100,0.65,52,transactional,stable,
makeup remover,True,60500,1.8,69,commercial,stable,
false lashes,True,74000,1.2,74,commercial,stable,
tweezers,True,49500,0.85,62,transactional,stable,
scissors,True,110000,0.55,80,informational,stable,
nail clippers,True,40500,0.75,58,transactional,stable,
ear buds case,True,18100,0.8,48,commercial,stable,
airpods case,True,246000,1.1,79,transactional,stable,
apple watch band,True,301000,1.4,84,transactional,stable,
samsung charger,True,165000,1.2,78,transactional,stable,
pixel case,True,49500,0.95,55,transactional,rising,
iphone case,True,450000,2.5,92,transactional,stable,
screen protector,True,135000,1.1,70,transactional,stable,
tempered glass,True,74000,0.85,65,transactional,stable,
phone grip,True,22000,1.45,48,commercial,stable,
pop socket,True,90500,1.8,62,transactional,declining,
wallet case,True,60500,1.35,68,transactional,stable,
folio case,True,18000,0.9,42,transactional,stable,
laptop sleeve,True,49500,1.65,66,transactional,stable,
laptop backpack,True,110000,2.1,82,transactional,rising,
messenger laptop bag,True,27000,2.35,58,transactional,stable,
camera lens,True,40500,3.5,85,commercial,stable,
nd filter,True,22000,1.9,52,commercial,rising,
softbox,True,33000,1.2,55,transactional,stable,
light stand,True,14500,0.8,49,transactional,stable,
backdrop,True,60500,1.1,62,transactional,stable,
reflector,True,12000,0.75,40,informational,stable,
gaffer tape,True,27000,2.2,45,transactional,stable,
sandbag,True,18000,1.05,38,transactional,stable,
boom arm,True,33000,1.85,54,transactional,rising,
lav mic,True,22000,2.4,60,commercial,stable,
podcast mic,True,49500,3.1,72,commercial,stable,
audio interface,True,74000,3.8,75,commercial,stable,
midi controller,True,60500,2.9,68,commercial,stable,
studio monitors,True,110000,1.8,68,commercial,stable,
headphones,True,450000,1.2,92,commercial,stable,
noise cancelling headphones,True,246000,2.5,84,commercial,stable,
earbuds,True,301000,1.5,89,commercial,stable,
bone conduction headphones,True,165000,1.6,74,commercial,rising,
hearing aids,True,201000,12.5,81,transactional,stable,
white noise machine,True,135000,1.1,65,commercial,stable,
sleep mask,True,110000,0.9,62,commercial,stable,
ear plugs,True,90500,0.8,58,commercial,stable,
neck pillow,True,165000,1.2,69,commercial,stable,
compression socks,True,301000,2.2,72,transactional,stable,
ankle brace,True,74000,2.5,55,commercial,stable,
knee brace,True,201000,3.1,76,transactional,stable,
wrist brace,True,60500,2.4,58,commercial,stable,
back brace,True,110000,2.8,70,transactional,stable,
posture corrector,True,90500,1.9,64,commercial,declining,
heating pad,True,165000,1.1,60,commercial,stable,
ice pack wrap,True,27100,1.5,45,commercial,stable,
tens unit,True,135000,3.5,66,transactional,stable,
blood pressure monitor,True,246000,4.5,79,transactional,stable,
pulse oximeter,True,110000,2.1,62,informational,stable,
thermometer,True,165000,1.4,75,informational,stable,
glucose monitor,True,135000,9.5,77,transactional,rising,
nebulizer,True,165000,2.5,68,transactional,stable,
humidifier filter,True,49500,1.8,48,transactional,stable,
air filter,True,165000,1.5,75,commercial,stable,
furnace filter,True,110000,1.25,68,transactional,rising,
water softener,True,135000,4.5,82,commercial,stable,
shower filter,True,90500,1.1,62,commercial,rising,
fridge water filter,True,74000,1.8,65,transactional,stable,
coffee filter,True,60500,0.45,55,informational,stable,
tea infuser,True,49500,0.85,58,commercial,stable,
french press,True,165000,1.2,78,commercial,stable,
pour over,True,74000,1.4,72,commercial,stable,
espresso machine,True,301000,3.5,88,commercial,rising,
milk frother,True,135000,0.9,65,commercial,stable,
coffee grinder,True,110000,1.6,78,commercial,stable,
toaster oven,True,165000,1.1,74,commercial,stable,
dishwasher detergent,True,60500,2.2,64,transactional,stable,
trash can,True,110000,0.75,72,commercial,stable,
compost bin,True,90500,1.15,65,informational,rising,
recycling bins,True,40500,0.95,60,commercial,stable,
storage shelves,True,90500,2.5,75,commercial,stable,
closet organizer,True,135000,1.8,80,commercial,rising,
under bed storage,True,74000,1.4,68,transactional,rising,
drawer organizers,True,60500,1.25,66,commercial,stable,
cable management,True,110000,1.9,70,informational,stable,
surge bar,True,14800,1.1,55,transactional,stable,
battery charger,True,49500,1.3,62,commercial,stable,
aa batteries,True,165000,1.05,70,transactional,stable,
aaa batteries,True,165000,1.2,75,transactional,stable,
lithium batteries,True,90500,2.5,68,commercial,rising,
button batteries,True,49500,1.8,62,transactional,stable,
solar lights,True,246000,1.5,82,transactional,rising,
string lights,True,201000,0.9,78,transactional,stable,
fairy lights,True,110000,0.7,70,transactional,stable,
neon sign,True,301000,2.1,85,commercial,rising,
projector,True,450000,1.4,88,commercial,stable,
projector screen,True,135000,1.6,74,transactional,stable,
soundbar,True,201000,2.2,84,transactional,stable,
streaming stick,True,33100,1.1,65,informational,stable,
chromecast,True,165000,0.8,81,navigational,declining,
fire stick,True,823000,0.5,90,navigational,stable,
roku,True,1220000,0.6,92,navigational,stable,
hdmi splitter,True,90500,1.5,63,transactional,stable,
av receiver,True,74000,3.5,72,commercial,stable,
turntable,True,110000,2.8,76,commercial,rising,
record player,True,246000,1.9,80,transactional,rising,
vinyl records,True,368000,1.3,86,transactional,rising,
cd player,True,135000,1.2,67,transactional,stable,
bluetooth adapter,True,110000,1.4,64,transactional,stable,
aux cable,True,60500,0.6,58,transactional,stable,
rca cable,True,40500,1.1,55,transactional,stable,
optical cable,True,33100,0.9,52,transactional,stable,
speaker stands,True,49500,2.4,61,transactional,stable,
subwoofer,True,246000,1,72,commercial,stable,
karaoke machine,True,165000,2,65,transactional,rising,
party lights,True,60000,1,58,commercial,stable,
fog machine,True,90000,1,55,commercial,rising,
balloon pump,True,49000,1,52,transactional,stable,
party decorations,True,201000,1,70,transactional,stable,
gift wrap,True,74000,2,62,transactional,rising,
gift bags,True,90000,1,65,transactional,stable,
greeting cards,True,135000,3,75,commercial,stable,
wrapping paper,True,110000,1,68,transactional,rising,
ribbons,True,40000,1,60,commercial,stable,
tissue paper,True,60000,1,55,transactional,stable,
packing tape,True,49000,2,63,transactional,stable,
moving boxes,True,201000,2,72,transactional,stable,
bubble wrap,True,110000,1,60,transactional,stable,
shipping labels,True,74000,2,64,transactional,stable,
postage scale,True,27000,3,58,commercial,stable,
envelope opener,True,18000,1,45,transactional,stable,
letter tray,True,12000,1,48,transactional,stable,
file folders,True,49000,1,66,transactional,stable,
hanging folders,True,22000,1,54,transactional,stable,
binders,True,90000,1,68,transactional,stable,
sheet protectors,True,33000,1,50,transactional,stable,
index cards,True,74000,1,62,informational,stable,
flash cards,True,60000,1,65,informational,stable,
study guide,True,165000,1.2,75,informational,stable,
calculator,True,2740000,0.5,90,transactional,stable,
graphing calculator,True,135000,2.5,65,commercial,stable,
protractor,True,60000,0.8,35,transactional,stable,
compass set,True,22000,1.1,30,transactional,stable,
geometry set,True,18000,1.3,32,transactional,stable,
backpack kids,True,110000,2.1,58,transactional,rising,
lunch bag,True,90000,1.8,62,transactional,rising,
water bottle kids,True,74000,2.4,55,transactional,stable,
thermos kids,True,40000,1.5,48,transactional,stable,
pencil case,True,110000,0.9,52,transactional,stable,
crayon box,True,12000,0.7,38,transactional,stable,
glue sticks,True,49500,0.6,45,transactional,stable,
scissors kids,True,27000,0.8,42,transactional,stable,
construction paper,True,60000,0.5,44,transactional,stable,
poster board,True,74000,0.4,46,transactional,stable,
science kit,True,33000,2.8,51,commercial,stable,
robot kit,True,27000,3.5,54,commercial,stable,
coding toy,True,14000,4.2,49,commercial,rising,
drone kids,True,49500,1.8,55,transactional,rising,
rc car,True,135000,1.2,50,transactional,stable,
hot wheels,True,246000,0.9,68,navigational,stable,
action figures,True,110000,1.1,53,transactional,stable,
barbie dolls,True,201000,1.4,70,navigational,rising,
stuffed animals,True,165000,0.8,59,transactional,stable,
plush toy,True,165000,1,68,commercial,stable,
building blocks,True,90500,2,72,commercial,stable,
magnetic tiles,True,110000,2,65,transactional,rising,
slime kit,True,74000,1,58,transactional,declining,
kinetic sand,True,135000,1,62,commercial,stable,
play tent,True,60500,2,55,transactional,stable,
trampoline,True,246000,3,78,transactional,stable,
scooter,True,165000,2,70,commercial,stable,
skateboard,True,201000,1,75,commercial,stable,
roller skates,True,110000,1,68,transactional,stable,
hoverboard,True,135000,2,70,transactional,declining,
balance bike,True,74000,3,62,commercial,stable,
bike helmet kids,True,49500,2,54,transactional,stable,
knee pads,True,90500,1,48,transactional,stable,
elbow pads,True,22200,1,40,transactional,stable,
wrist guards,True,27100,1,42,transactional,stable,
soccer ball,True,135000,1,64,transactional,stable,
basketball,True,450000,1,78,commercial,stable,
football,True,1000000,1,82,commercial,stable,
volleyball,True,201000,1,65,commercial,stable,
tennis racket,True,110000,2,58,transactional,stable,
badminton set,True,40500,2,52,transactional,stable,
pickleball paddles,True,165000,4,72,transactional,rising,
golf balls,True,165000,1,60,transactional,stable,
golf tees,True,33100,1,45,transactional,stable,
golf glove,True,74000,1.2,65,transactional,stable,
baseball glove,True,110000,1.85,72,transactional,stable,
bat,True,246000,0.95,85,commercial,stable,
catchers mitt,True,49500,2.1,58,transactional,stable,
hockey stick,True,60500,1.5,62,transactional,stable,
puck,True,27000,0.8,45,transactional,stable,
swim fins,True,33000,1.1,48,transactional,stable,
kickboard,True,22000,0.75,42,transactional,stable,
pool noodles,True,135000,0.6,55,transactional,rising,
pool float,True,165000,0.9,68,transactional,rising,
inflatable pool,True,201000,1.4,70,transactional,rising,
sand toys,True,18000,0.55,38,transactional,stable,
kites,True,90500,0.7,52,transactional,stable,
frisbee,True,110000,0.85,60,transactional,stable,
boomerang,True,33000,0.65,40,transactional,stable,
hacky sack,True,27000,0.4,32,transactional,stable,
cornhole set,True,90500,2.5,65,transactional,stable,
bean bags,True,74000,1.2,45,transactional,stable,
dart board,True,110000,1.6,63,transactional,stable,
poker chips,True,60500,1.45,55,transactional,stable,
playing cards,True,135000,0.9,62,transactional,stable,
uno cards,True,90500,0.5,50,transactional,stable,
jigsaw puzzle,True,201000,0.8,75,transactional,stable,
crossword book,True,12000,0.45,35,transactional,stable,
sudoku book,True,14500,0.55,38,transactional,stable,
coloring book,True,246000,1.2,78,transactional,stable,
adult coloring,True,90500,1.5,65,informational,stable,
paint by numbers,True,165000,2.1,72,transactional,rising,
diamond painting,True,201000,1.85,81,transactional,stable,
embroidery kit,True,110000,2.45,62,transactional,rising,
knitting needles,True,60500,1.1,54,commercial,stable,
yarn,True,450000,0.95,85,commercial,stable,
crochet hooks,True,90500,1.05,58,transactional,rising,
sewing machine,True,301000,3.5,82,transactional,stable,
thread,True,135000,0.8,68,informational,stable,
fabric,True,368000,1.25,75,commercial,stable,
buttons,True,90500,0.65,55,commercial,stable,
zipper,True,74000,0.75,52,commercial,stable,
patches,True,110000,1.15,64,transactional,rising,
iron on vinyl,True,49500,1.8,60,transactional,stable,
cricut tools,True,60500,2.2,65,transactional,stable,
heat press,True,110000,2.85,72,transactional,stable,
sublimation blanks,True,60500,1.65,58,commercial,rising,
resin molds,True,74000,1.4,55,transactional,stable,
epoxy resin,True,165000,2.1,68,commercial,stable,
clay tools,True,40500,1.35,48,commercial,stable,
pottery wheel,True,74000,3.75,64,transactional,rising,
kiln,True,49500,4.2,60,transactional,stable,
3d printer filament,True,110000,1.9,58,commercial,stable,
3d printer,True,450000,2.6,85,transactional,stable,
arduino kit,True,40500,1.5,48,commercial,stable,
raspberry pi,True,301000,1.2,75,informational,stable,
breadboard,True,22200,0.8,32,commercial,stable,
jumper wires,True,14800,0.65,28,transactional,stable,
led strips,True,165000,1.1,62,commercial,rising,
servo motors,True,27100,0.9,35,commercial,stable,
sensors kit,True,5400,0.75,30,transactional,stable,
multimeter,True,110000,2.5,55,commercial,stable,
soldering iron,True,74000,1.8,45,commercial,stable,
solder,True,49500,0.95,38,transactional,stable,
helping hands,True,18100,1.1,25,commercial,stable,
magnifier,True,33100,1.4,42,informational,stable,
headlamp rechargeable,True,60500,2.2,50,transactional,rising,
work gloves,True,49500,1.6,52,commercial,stable,
safety glasses,True,60500,1.3,40,transactional,stable,
ear muffs,True,33100,1.1,35,commercial,stable,
knee pads work,True,22200,2.1,45,transactional,stable,
tool bag,True,74000,2.8,58,commercial,stable,
socket set,True,49500,3.5,60,transactional,stable,
wrench set,True,40500,2.9,55,transactional,stable,
pliers set,True,18100,2.4,48,transactional,stable,
hammer,True,90500,1.5,45,informational,stable,
mallet,True,27100,1.2,35,commercial,stable,
utility knife,True,49500,1.8,42,transactional,stable,
box cutter,True,60500,1.6,40,transactional,stable,
duct tape,True,110000,1,55,commercial,stable,
masking tape,True,49000,1,42,commercial,stable,
painter tape,True,60000,1,48,commercial,stable,
zip ties,True,135000,1,58,transactional,stable,
velcro straps,True,40000,2,45,transactional,stable,
hooks,True,90000,1,72,informational,stable,
command strips,True,165000,1,50,transactional,rising,
wall anchors,True,74000,1,38,commercial,stable,
screws,True,49000,1,52,informational,stable,
nails,True,33000,1,48,informational,stable,
wood glue,True,60000,1,45,commercial,stable,
super glue,True,90000,1,48,commercial,stable,
epoxy,True,110000,2,60,informational,stable,
caulk,True,74000,1,45,commercial,stable,
caulk gun,True,49000,1,35,transactional,stable,
paint tray,True,18000,1,32,transactional,stable,
drop cloth,True,27000,1,38,commercial,stable,
sandpaper,True,60000,1,48,informational,stable,
orbital sander,True,90000,2,55,commercial,stable,
jigsaw,True,110000,2,52,commercial,stable,
circular saw,True,90000,2,58,commercial,stable,
reciprocating saw,True,60000,2,50,commercial,stable,
angle grinder,True,110000,2,55,commercial,stable,
impact driver,True,74000,3,60,transactional,stable,
cordless drill,True,90000,3,65,transactional,stable,
battery pack,True,165000,1.8,68,commercial,stable,
work light,True,60000,2.5,45,commercial,stable,
clamp set,True,12000,1.2,32,commercial,stable,
best laptop,True,301000,4.5,92,commercial,stable,
best yoga mat,True,90500,2.2,74,commercial,stable,
best air fryer,True,246000,1.8,82,commercial,stable,
best kindle,True,49500,0.9,65,commercial,stable,
best protein powder,True,135000,3.5,88,commercial,stable,
best wireless earbuds,True,110000,2.8,85,commercial,stable,
best phone case,True,40500,1.5,76,commercial,stable,
best water bottle,True,165000,2.1,79,commercial,rising,
best led lights,True,49500,1.6,55,commercial,stable,
best gaming chair,True,110000,2.4,81,commercial,declining,
best desk lamp,True,33100,1.9,58,commercial,stable,
best bluetooth speaker,True,90500,2.1,78,commercial,stable,
best electric toothbrush,True,60500,3.2,72,commercial,stable,
best hair dryer,True,74000,2.7,75,commercial,stable,
best shampoo,True,90500,2.5,84,commercial,stable,
best conditioner,True,33100,2.2,70,commercial,stable,
best running shoes,True,201000,2.9,89,commercial,stable,
best backpack,True,110000,1.8,77,commercial,stable,
best coffee maker,True,135000,3.1,80,commercial,stable,
best instant pot,True,40500,1.4,62,commercial,declining,
best robot vacuum,True,90500,2.8,83,commercial,stable,
best smart watch,True,165000,3.6,87,commercial,stable,
best tablet stand,True,22000,1.8,48,commercial,stable,
best usb c hub,True,33000,2.5,62,commercial,stable,
best portable charger,True,74000,2.2,75,commercial,rising,
best webcam,True,60000,3.1,68,commercial,stable,
best mechanical keyboard,True,49000,2.8,72,commercial,stable,
best gaming mouse,True,60000,2.4,65,commercial,stable,
best monitor stand,True,27000,2.1,52,commercial,stable,
best office chair,True,110000,4.5,82,commercial,stable,
best standing desk,True,90000,5.2,78,commercial,stable,
best mattress topper,True,135000,3.8,74,commercial,stable,
best pillow,True,90000,2.9,70,commercial,stable,
best duvet cover,True,40000,2.2,58,commercial,stable,
best kitchen knife,True,33000,3.5,64,commercial,stable,
best cutting board,True,22000,1.9,50,commercial,stable,
best cast iron skillet,True,40000,2.7,66,commercial,stable,
best blender,True,74000,3.4,72,commercial,stable,
best toaster,True,49000,1.8,55,commercial,stable,
best microwave,True,60000,2.1,58,commercial,stable,
best air purifier,True,165000,4.2,76,commercial,stable,
best humidifier,True,110000,3.1,70,commercial,stable,
best dehumidifier,True,135000,3.5,73,commercial,stable,
best space heater,True,90000,2.5,60,commercial,rising,
best fan,True,33000,1.5,52,commercial,stable,
best extension cord,True,12000,1.2,42,commercial,stable,
best power strip,True,18000,1.6,45,commercial,stable,
best surge protector,True,49500,1.8,68,commercial,stable,
best hdmi cable,True,40500,1.2,74,commercial,declining,
best ethernet cable,True,33100,1.1,55,commercial,stable,
best wifi router,True,90500,3.5,82,commercial,stable,
best mesh wifi,True,60500,4.2,76,commercial,stable,
best security camera,True,74000,2.5,85,commercial,stable,
best doorbell camera,True,49500,3.8,79,commercial,stable,
best smart bulb,True,22200,1.6,58,commercial,stable,
best smart plug,True,27100,1.9,52,commercial,stable,
best thermostat,True,40500,4.5,71,commercial,stable,
best pet bed,True,18100,1.4,64,commercial,stable,
best dog leash,True,14800,2.1,55,commercial,stable,
best cat litter,True,49500,1.2,72,commercial,rising,
best bird feeder,True,33100,0.9,48,commercial,stable,
best camping tent,True,40500,2.8,78,commercial,stable,
best sleeping bag,True,27100,1.8,62,commercial,stable,
best hiking backpack,True,22200,2.2,69,commercial,stable,
best fishing rod,True,18100,1.5,58,commercial,stable,
best bicycle pump,True,9900,1.3,45,commercial,stable,
best bike lock,True,14800,1.7,54,commercial,stable,
best car phone mount,True,33100,2.4,66,commercial,stable,
best dash cam,True,110000,2.1,77,commercial,rising,
best tire inflator,True,60500,1.9,61,commercial,stable,
best jump starter,True,49500,2.6,59,commercial,stable,
best tool set,True,18100,3.2,65,commercial,stable,
best drill,True,74000,3.5,78,commercial,stable,
best screwdriver set,True,18000,2.2,45,commercial,stable,
best measuring tape,True,12000,1.5,38,commercial,stable,
best paint roller,True,9900,1.8,32,commercial,stable,
best garden hose,True,49500,2.8,55,commercial,rising,
best lawn mower,True,110000,4.5,82,commercial,rising,
best plant pot,True,8100,1.2,35,commercial,stable,
best fertilizer,True,27000,3.2,58,commercial,rising,
best sunscreen,True,165000,4.1,85,commercial,rising,
best moisturizer,True,90500,3.8,80,commercial,stable,
best face wash,True,74000,3.5,72,commercial,stable,
best body lotion,True,40500,2.5,65,commercial,stable,
best deodorant,True,60500,3.1,68,commercial,stable,
best razor,True,22000,2.8,60,commercial,stable,
best nail clipper,True,14800,1.1,30,commercial,stable,
best toothbrush,True,33000,2.2,55,commercial,stable,
best toothpaste,True,27000,1.9,48,commercial,stable,
best floss,True,12000,1.4,35,commercial,stable,
best vitamins,True,49500,4.2,88,commercial,stable,
best protein bar,True,60500,3.5,70,commercial,stable,
best granola,True,18000,1.8,42,commercial,stable,
best olive oil,True,33000,2.1,52,commercial,stable,
best rice cooker,True,60500,2.9,68,commercial,stable,
best slow cooker,True,49500,2.5,62,commercial,stable,
best waffle maker,True,40500,2.3,58,commercial,stable,
best ice cream maker,True,74000,3.5,68,commercial,rising,
best juicer,True,110000,4.2,74,commercial,stable,
best food processor,True,90500,2.8,65,commercial,stable,
best hand mixer,True,49500,1.5,52,commercial,stable,
best phone charger,True,33100,1.2,62,commercial,stable,
best usb cable,True,18100,0.9,58,commercial,stable,
best laptop stand,True,60500,2.5,61,commercial,stable,
best microphone,True,135000,3.8,82,commercial,stable,
best headset,True,90500,2.1,79,commercial,stable,
best keyboard,True,165000,1.8,85,commercial,stable,
best mouse,True,110000,1.6,81,commercial,stable,
best mouse pad,True,40500,1.2,55,commercial,stable,
best desk organizer,True,27100,2.2,58,commercial,stable,
best monitor arm,True,33100,3.5,64,commercial,stable,
best ssd drive,True,49500,2.8,72,commercial,stable,
best hard drive,True,60500,2.2,70,commercial,stable,
best flash drive,True,22200,0.8,55,commercial,declining,
best memory card,True,18100,1.4,60,commercial,stable,
best router,True,165000,5.5,88,commercial,stable,
best printer,True,135000,3.2,84,commercial,stable,
best ink cartridge,True,12100,4.5,62,commercial,stable,
best paper towels,True,40500,1.1,52,commercial,stable,
best trash bags,True,22200,1.5,55,commercial,stable,
best laundry detergent,True,60500,2.1,68,commercial,stable,
best fabric softener,True,14800,1.2,48,commercial,stable,
best dishwasher pods,True,22000,3.5,48,commercial,stable,
best hand soap,True,18000,2.8,45,commercial,stable,
best body wash,True,60000,4.2,62,commercial,rising,
best lip balm,True,49000,3.1,55,commercial,stable,
best shaving cream,True,15000,2.5,42,commercial,stable,
best cotton swabs,True,4400,1.2,28,commercial,stable,
best band aids,True,6600,1.5,32,commercial,stable,
best first aid kit,True,33000,4.8,58,commercial,stable,
best vitamins d,True,27000,3.9,52,commercial,rising,
best fish oil,True,40000,5.5,65,commercial,stable,
best collagen,True,90000,7.2,78,commercial,rising,
best creatine,True,135000,6.8,82,commercial,rising,
best pre workout,True,165000,8.5,88,commercial,stable,
best protein shake,True,49000,5.2,72,commercial,stable,
best meal prep containers,True,33000,3.8,55,commercial,stable,
best water filter,True,74000,6.5,75,commercial,stable,
best coffee beans,True,60000,4.5,68,commercial,rising,
best tea bags,True,9900,2.2,40,commercial,stable,
best matcha,True,40000,5.8,66,commercial,rising,
best protein cookies,True,12000,4.1,48,commercial,rising,
best energy drinks,True,33000,3.2,60,commercial,stable,
best soda stream,True,18000,4.6,54,commercial,stable,
best blender bottle,True,14000,2.8,38,commercial,stable,
best lunch box,True,74000,3.4,57,commercial,stable,
best thermos,True,22000,3.1,49,commercial,stable,
best travel mug,True,49500,1.8,68,commercial,stable,
best wine glasses,True,33100,2.1,62,commercial,stable,
best baking sheet,True,22200,1.5,54,commercial,stable,
best mixing bowls,True,18100,1.3,48,commercial,stable,
best storage bins,True,27100,2.5,65,commercial,stable,
best vacuum bags,True,8100,1.7,42,commercial,stable,
best hangers,True,14800,1.4,58,commercial,stable,
best shoe rack,True,40500,2.2,64,commercial,stable,
best laundry basket,True,22200,1.6,51,commercial,stable,
best ironing board,True,12100,1.9,46,commercial,stable,
best steam iron,True,14800,2.4,55,commercial,stable,
best tower fan,True,33100,1.8,60,commercial,rising,
best ceiling fan,True,60500,3.5,72,commercial,stable,
best light bulbs,True,12100,1.5,49,commercial,stable,
best smoke detector,True,22200,3.2,58,commercial,stable,
best carbon monoxide detector,True,18100,3.8,55,commercial,stable,
best fire extinguisher,True,14800,2.8,52,commercial,stable,
best tape measure,True,12100,1.4,50,commercial,stable,
best level tool,True,4400,1.2,38,commercial,stable,
best paint brushes,True,14800,1.6,54,commercial,stable,
best wallpaper,True,18100,2.2,70,commercial,rising,
best curtain rods,True,12100,1.7,52,commercial,stable,
best blackout curtains,True,49500,2.3,66,commercial,stable,
best throw pillows,True,9900,1.5,58,commercial,stable,
best blanket,True,18100,1.8,64,commercial,stable,
best bed sheets,True,90500,3,72,commercial,stable,
best pillow cases,True,18100,2,58,commercial,stable,
best alarm clock,True,49500,2,65,commercial,stable,
best night light,True,14800,1,52,commercial,stable,
best book light,True,12100,1,45,commercial,rising,
best kindle case,True,18100,1,48,commercial,stable,
best ipad case,True,27100,2,62,commercial,stable,
best phone holder,True,9900,2,55,commercial,stable,
best car mount,True,14800,3,59,commercial,stable,
best car vacuum,True,40500,3,61,commercial,rising,
best car phone charger,True,8100,2,42,commercial,stable,
best bike lights,True,12100,2,54,commercial,stable,
best helmet,True,14800,3,68,commercial,stable,
best yoga block,True,6600,1,46,commercial,stable,
best resistance bands,True,27100,2,64,commercial,stable,
best dumbbells,True,33100,3,70,commercial,stable,
best kettlebell,True,22200,2,65,commercial,stable,
best jump rope,True,22200,1,58,commercial,stable,
best foam roller,True,18100,2,52,commercial,stable,
best massage gun,True,49500,4,69,commercial,declining,
best running belt,True,8100,1,44,commercial,stable,
best gym bag,True,27100,2,58,commercial,stable,
best camping stove,True,12100,3,56,commercial,stable,
best flashlight,True,22200,2,63,commercial,stable,
best headlamp,True,18100,2,59,commercial,stable,
best pocket knife,True,74000,1.8,68,commercial,stable,
best multi tool,True,49500,2.1,62,commercial,stable,
best suitcase,True,60500,2.5,75,commercial,rising,
best travel adapter,True,33100,1.4,55,commercial,stable,
best packing cubes,True,40500,1.2,58,commercial,rising,
best passport holder,True,22200,0.9,45,commercial,stable,
best wallet,True,90500,2.2,82,commercial,stable,
best crossbody bag,True,110000,1.8,70,commercial,rising,
best tote bag,True,74000,1.6,65,commercial,stable,
best messenger bag,True,33100,1.5,58,commercial,stable,
best sunglasses,True,165000,2.8,85,commercial,stable,
best reading glasses,True,27100,1.4,52,commercial,stable,
best watch band,True,18100,1.1,48,commercial,stable,
best necklace,True,49500,2.4,72,commercial,stable,
best bracelet,True,40500,1.9,68,commercial,stable,
best earrings,True,60500,1.8,70,commercial,stable,
best ring box,True,9900,1.3,42,commercial,stable,
best jewelry organizer,True,27100,1.6,55,commercial,stable,
best dog collar,True,40500,1.4,58,commercial,stable,
best aquarium filter,True,22200,1.2,50,commercial,stable,
best plant pots,True,14800,1.5,45,commercial,stable,
best leaf blower,True,90500,2.2,65,commercial,stable,
best pressure washer,True,110000,2.6,68,commercial,stable,
best patio furniture,True,135000,3.5,78,commercial,rising,
best grill cover,True,18100,1.4,48,commercial,stable,
best coolers,True,165000,1.8,78,commercial,rising,
best ice packs,True,18000,0.9,42,commercial,stable,
best beach towel,True,49500,1.2,65,commercial,rising,
best swim goggles,True,27100,1.1,48,commercial,rising,
best snorkel set,True,14800,1.5,52,commercial,rising,
best tackle box,True,9900,1.3,45,commercial,stable,
best binoculars,True,60500,2.1,72,commercial,stable,
best telescope,True,49500,2.5,68,commercial,stable,
best microscope kit,True,6600,0.85,38,commercial,stable,
best lego set,True,74000,1.4,75,commercial,stable,
best board games,True,135000,1.1,82,commercial,stable,
best puzzles,True,18100,0.75,55,commercial,stable,
best playdough,True,5400,0.6,40,commercial,stable,
best crayons,True,8100,0.7,44,commercial,stable,
best markers,True,12100,0.9,46,commercial,stable,
best sketchbook,True,9900,0.8,35,commercial,stable,
best watercolor paints,True,14800,1.1,51,commercial,stable,
best canvas panels,True,3600,0.95,32,commercial,stable,
best guitar strings,True,22200,1.35,55,commercial,stable,
best piano keyboard,True,40500,2.8,64,commercial,stable,
best drum sticks,True,8100,0.8,30,commercial,stable,
best microphone stand,True,12100,1.1,42,commercial,stable,
best camera tripod,True,18100,1.9,58,commercial,stable,
best camera bag,True,22200,2.2,62,commercial,stable,
best lens cleaner,True,5400,0.7,28,commercial,stable,
best drone,True,165000,1.8,85,commercial,stable,
best action camera,True,74000,2.5,78,commercial,stable,
best gopro mount,True,9900,1.2,42,commercial,stable,
best sd card reader,True,33000,1.1,55,commercial,stable,
best external battery,True,27000,1.5,68,commercial,stable,
best power bank,True,110000,1.6,75,commercial,rising,
best solar charger,True,49500,2.2,72,commercial,stable,
best cable organizer,True,18000,0.9,45,commercial,rising,
best desk mat,True,40500,1.1,58,commercial,rising,
best monitor light,True,22000,1.3,50,commercial,rising,
best webcam light,True,14800,1.2,48,commercial,stable,
best ring light,True,135000,1.4,76,commercial,declining,
best green screen,True,33000,1.5,55,commercial,stable,
best tripod,True,60500,1.1,65,commercial,stable,
best selfie stick,True,22000,0.8,52,commercial,declining,
best bluetooth tracker,True,12000,2,64,commercial,stable,
best airtag case,True,27000,0.9,42,commercial,stable,
best key finder,True,18000,2.5,55,commercial,stable,
best label maker,True,90500,1.7,60,commercial,stable,
best laminator,True,33000,1.2,58,commercial,stable,
best stapler,True,14800,0.7,40,commercial,stable,
best binder clips,True,6600,0.5,35,commercial,stable,
best notebooks,True,49500,1.1,70,commercial,rising,
best planners,True,74000,1.5,65,commercial,rising,
best pens,True,60500,0.9,62,commercial,stable,
