asin,day,rank,reviews_total
B0DEMO0001,0,1712,1
B0DEMO0001,1,1534,2
B0DEMO0001,2,1774,3
B0DEMO0001,3,1688,6
B0DEMO0001,4,1691,8
B0DEMO0001,5,1732,10
B0DEMO0001,6,1743,12
B0DEMO0001,7,1870,13
B0DEMO0001,8,1788,15
B0DEMO0001,9,1703,17
B0DEMO0001,10,1582,19
B0DEMO0001,11,1538,20
B0DEMO0001,12,1691,22
B0DEMO0001,13,1828,24
B0DEMO0001,14,1639,26
B0DEMO0001,15,1607,27
B0DEMO0001,16,1677,29
B0DEMO0001,17,1417,31
B0DEMO0001,18,1538,33
B0DEMO0001,19,1624,35
B0DEMO0001,20,1658,37
B0DEMO0001,21,1500,38
B0DEMO0001,22,1559,40
B0DEMO0001,23,1525,43
B0DEMO0001,24,1573,44
B0DEMO0001,25,1335,46
B0DEMO0001,26,1508,49
B0DEMO0001,27,1260,51
B0DEMO0001,28,1138,54
B0DEMO0001,29,1319,56
B0DEMO0001,30,1269,58
B0DEMO0001,31,1443,59
B0DEMO0001,32,1398,61
B0DEMO0001,33,1185,64
B0DEMO0001,34,1377,66
B0DEMO0001,35,1169,68
B0DEMO0001,36,1239,69
B0DEMO0001,37,1199,72
B0DEMO0001,38,1219,74
B0DEMO0001,39,1268,77
B0DEMO0001,40,1229,80
B0DEMO0001,41,1181,82
B0DEMO0001,42,1189,84
B0DEMO0001,43,1153,87
B0DEMO0001,44,1037,89
B0DEMO0001,45,1012,91
B0DEMO0001,46,1014,95
B0DEMO0001,47,1076,98
B0DEMO0001,48,995,101
B0DEMO0001,49,1202,104
B0DEMO0001,50,917,108
B0DEMO0001,51,880,111
B0DEMO0001,52,1004,113
B0DEMO0001,53,1038,116
B0DEMO0001,54,947,119
B0DEMO0001,55,954,122
B0DEMO0001,56,982,125
B0DEMO0001,57,853,129
B0DEMO0001,58,753,135
B0DEMO0001,59,793,137
B0DEMO0001,60,877,141
B0DEMO0001,61,710,144
B0DEMO0001,62,785,149
B0DEMO0001,63,784,152
B0DEMO0001,64,735,155
B0DEMO0001,65,784,159
B0DEMO0001,66,761,163
B0DEMO0001,67,858,165
B0DEMO0001,68,735,169
B0DEMO0001,69,654,175
B0DEMO0001,70,645,179
B0DEMO0001,71,620,186
B0DEMO0001,72,702,190
B0DEMO0001,73,611,193
B0DEMO0001,74,624,200
B0DEMO0001,75,655,206
B0DEMO0001,76,572,213
B0DEMO0001,77,582,220
B0DEMO0001,78,505,227
B0DEMO0001,79,528,232
B0DEMO0001,80,541,237
B0DEMO0001,81,576,241
B0DEMO0001,82,603,246
B0DEMO0001,83,539,249
B0DEMO0001,84,542,254
B0DEMO0001,85,530,262
B0DEMO0001,86,562,266
B0DEMO0001,87,545,273
B0DEMO0001,88,511,279
B0DEMO0001,89,454,285
B0DEMO0001,90,522,293
B0DEMO0001,91,494,301
B0DEMO0001,92,522,307
B0DEMO0001,93,466,315
B0DEMO0001,94,539,319
B0DEMO0001,95,442,325
B0DEMO0001,96,511,333
B0DEMO0001,97,449,340
B0DEMO0001,98,422,347
B0DEMO0001,99,397,356
B0DEMO0001,100,425,361
B0DEMO0001,101,478,368
B0DEMO0001,102,451,374
B0DEMO0001,103,442,383
B0DEMO0001,104,343,389
B0DEMO0001,105,436,399
B0DEMO0001,106,427,403
B0DEMO0001,107,388,409
B0DEMO0001,108,383,418
B0DEMO0001,109,400,426
B0DEMO0001,110,457,431
B0DEMO0001,111,364,437
B0DEMO0001,112,381,447
B0DEMO0001,113,438,453
B0DEMO0001,114,378,461
B0DEMO0001,115,379,470
B0DEMO0001,116,393,477
B0DEMO0001,117,352,486
B0DEMO0001,118,396,494
B0DEMO0001,119,353,505
B0DEMO0002,0,1834,2
B0DEMO0002,1,2003,3
B0DEMO0002,2,1873,5
B0DEMO0002,3,1813,7
B0DEMO0002,4,1414,10
B0DEMO0002,5,2007,11
B0DEMO0002,6,1917,12
B0DEMO0002,7,1851,14
B0DEMO0002,8,1872,15
B0DEMO0002,9,1954,16
B0DEMO0002,10,2128,18
B0DEMO0002,11,1703,20
B0DEMO0002,12,1916,22
B0DEMO0002,13,1709,23
B0DEMO0002,14,1946,24
B0DEMO0002,15,2020,26
B0DEMO0002,16,1712,27
B0DEMO0002,17,1579,29
B0DEMO0002,18,1956,30
B0DEMO0002,19,1712,32
B0DEMO0002,20,1985,34
B0DEMO0002,21,1711,37
B0DEMO0002,22,1624,39
B0DEMO0002,23,1867,40
B0DEMO0002,24,1720,42
B0DEMO0002,25,1610,43
B0DEMO0002,26,1667,44
B0DEMO0002,27,1644,46
B0DEMO0002,28,1493,48
B0DEMO0002,29,1536,50
B0DEMO0002,30,1403,52
B0DEMO0002,31,1419,54
B0DEMO0002,32,1566,56
B0DEMO0002,33,1670,58
B0DEMO0002,34,1468,60
B0DEMO0002,35,1603,63
B0DEMO0002,36,1640,64
B0DEMO0002,37,1306,66
B0DEMO0002,38,1509,68
B0DEMO0002,39,1453,70
B0DEMO0002,40,1368,72
B0DEMO0002,41,1360,75
B0DEMO0002,42,1353,77
B0DEMO0002,43,1174,80
B0DEMO0002,44,1284,82
B0DEMO0002,45,1457,84
B0DEMO0002,46,1163,85
B0DEMO0002,47,1209,87
B0DEMO0002,48,1264,89
B0DEMO0002,49,1209,93
B0DEMO0002,50,1352,94
B0DEMO0002,51,1043,97
B0DEMO0002,52,998,100
B0DEMO0002,53,1090,102
B0DEMO0002,54,1078,105
B0DEMO0002,55,1080,108
B0DEMO0002,56,1141,110
B0DEMO0002,57,1126,113
B0DEMO0002,58,1184,115
B0DEMO0002,59,955,118
B0DEMO0002,60,1143,122
B0DEMO0002,61,885,124
B0DEMO0002,62,1009,127
B0DEMO0002,63,1038,129
B0DEMO0002,64,1078,133
B0DEMO0002,65,1033,136
B0DEMO0002,66,995,138
B0DEMO0002,67,874,140
B0DEMO0002,68,879,145
B0DEMO0002,69,868,148
B0DEMO0002,70,1020,152
B0DEMO0002,71,813,156
B0DEMO0002,72,991,160
B0DEMO0002,73,827,164
B0DEMO0002,74,844,169
B0DEMO0002,75,812,174
B0DEMO0002,76,805,178
B0DEMO0002,77,744,183
B0DEMO0002,78,898,186
B0DEMO0002,79,732,191
B0DEMO0002,80,845,195
B0DEMO0002,81,678,201
B0DEMO0002,82,737,205
B0DEMO0002,83,849,209
B0DEMO0002,84,827,212
B0DEMO0002,85,797,215
B0DEMO0002,86,737,219
B0DEMO0002,87,672,225
B0DEMO0002,88,720,229
B0DEMO0002,89,633,234
B0DEMO0002,90,647,238
B0DEMO0002,91,768,241
B0DEMO0002,92,666,244
B0DEMO0002,93,669,248
B0DEMO0002,94,667,252
B0DEMO0002,95,689,256
B0DEMO0002,96,733,259
B0DEMO0002,97,540,264
B0DEMO0002,98,614,269
B0DEMO0002,99,696,274
B0DEMO0002,100,514,278
B0DEMO0002,101,699,282
B0DEMO0002,102,505,288
B0DEMO0002,103,577,293
B0DEMO0002,104,702,296
B0DEMO0002,105,685,300
B0DEMO0002,106,646,307
B0DEMO0002,107,707,311
B0DEMO0002,108,583,317
B0DEMO0002,109,605,323
B0DEMO0002,110,515,330
B0DEMO0002,111,608,335
B0DEMO0002,112,551,338
B0DEMO0002,113,634,342
B0DEMO0002,114,528,349
B0DEMO0002,115,567,356
B0DEMO0002,116,539,364
B0DEMO0002,117,553,369
B0DEMO0002,118,568,375
B0DEMO0002,119,566,381
B0DEMO0003,0,1577,1
B0DEMO0003,1,1864,3
B0DEMO0003,2,1792,5
B0DEMO0003,3,1524,7
B0DEMO0003,4,1895,9
B0DEMO0003,5,1475,11
B0DEMO0003,6,1888,12
B0DEMO0003,7,1685,13
B0DEMO0003,8,1858,15
B0DEMO0003,9,1595,17
B0DEMO0003,10,1655,19
B0DEMO0003,11,1629,22
B0DEMO0003,12,1442,24
B0DEMO0003,13,1776,25
B0DEMO0003,14,1689,27
B0DEMO0003,15,1730,29
B0DEMO0003,16,1558,31
B0DEMO0003,17,1742,33
B0DEMO0003,18,1467,35
B0DEMO0003,19,1824,37
B0DEMO0003,20,1518,40
B0DEMO0003,21,1890,41
B0DEMO0003,22,1350,43
B0DEMO0003,23,1642,45
B0DEMO0003,24,1328,47
B0DEMO0003,25,1535,49
B0DEMO0003,26,1786,50
B0DEMO0003,27,1562,51
B0DEMO0003,28,1456,53
B0DEMO0003,29,1476,56
B0DEMO0003,30,1448,58
B0DEMO0003,31,1391,60
B0DEMO0003,32,1466,62
B0DEMO0003,33,1381,63
B0DEMO0003,34,1430,65
B0DEMO0003,35,1210,67
B0DEMO0003,36,1321,69
B0DEMO0003,37,1418,72
B0DEMO0003,38,1479,74
B0DEMO0003,39,1432,77
B0DEMO0003,40,1170,78
B0DEMO0003,41,1242,80
B0DEMO0003,42,1121,83
B0DEMO0003,43,1290,85
B0DEMO0003,44,1328,88
B0DEMO0003,45,1123,90
B0DEMO0003,46,1148,93
B0DEMO0003,47,1070,97
B0DEMO0003,48,1062,98
B0DEMO0003,49,1200,100
B0DEMO0003,50,1178,103
B0DEMO0003,51,1008,106
B0DEMO0003,52,1109,109
B0DEMO0003,53,980,112
B0DEMO0003,54,1058,116
B0DEMO0003,55,973,118
B0DEMO0003,56,860,123
B0DEMO0003,57,885,126
B0DEMO0003,58,951,129
B0DEMO0003,59,1053,132
B0DEMO0003,60,881,136
B0DEMO0003,61,1012,137
B0DEMO0003,62,932,142
B0DEMO0003,63,764,145
B0DEMO0003,64,842,149
B0DEMO0003,65,839,153
B0DEMO0003,66,743,156
B0DEMO0003,67,801,159
B0DEMO0003,68,898,161
B0DEMO0003,69,836,165
B0DEMO0003,70,852,167
B0DEMO0003,71,777,171
B0DEMO0003,72,698,176
B0DEMO0003,73,753,180
B0DEMO0003,74,662,183
B0DEMO0003,75,827,186
B0DEMO0003,76,685,189
B0DEMO0003,77,714,195
B0DEMO0003,78,727,197
B0DEMO0003,79,749,201
B0DEMO0003,80,634,204
B0DEMO0003,81,610,211
B0DEMO0003,82,743,215
B0DEMO0003,83,608,221
B0DEMO0003,84,554,225
B0DEMO0003,85,654,228
B0DEMO0003,86,589,232
B0DEMO0003,87,594,236
B0DEMO0003,88,613,240
B0DEMO0003,89,726,243
B0DEMO0003,90,586,246
B0DEMO0003,91,641,252
B0DEMO0003,92,582,257
B0DEMO0003,93,519,265
B0DEMO0003,94,549,272
B0DEMO0003,95,529,277
B0DEMO0003,96,520,283
B0DEMO0003,97,554,288
B0DEMO0003,98,508,293
B0DEMO0003,99,546,298
B0DEMO0003,100,536,303
B0DEMO0003,101,569,308
B0DEMO0003,102,462,315
B0DEMO0003,103,478,324
B0DEMO0003,104,476,331
B0DEMO0003,105,501,338
B0DEMO0003,106,526,341
B0DEMO0003,107,541,345
B0DEMO0003,108,467,353
B0DEMO0003,109,536,360
B0DEMO0003,110,507,366
B0DEMO0003,111,550,370
B0DEMO0003,112,490,377
B0DEMO0003,113,458,385
B0DEMO0003,114,531,391
B0DEMO0003,115,499,399
B0DEMO0003,116,471,403
B0DEMO0003,117,511,409
B0DEMO0003,118,475,415
B0DEMO0003,119,462,421
B0DEMO0004,0,1908,1
B0DEMO0004,1,2109,2
B0DEMO0004,2,1841,4
B0DEMO0004,3,1726,6
B0DEMO0004,4,1864,8
B0DEMO0004,5,2196,10
B0DEMO0004,6,1876,11
B0DEMO0004,7,2357,12
B0DEMO0004,8,2022,13
B0DEMO0004,9,1761,15
B0DEMO0004,10,1796,16
B0DEMO0004,11,1944,18
B0DEMO0004,12,1721,20
B0DEMO0004,13,2268,21
B0DEMO0004,14,1717,22
B0DEMO0004,15,1944,24
B0DEMO0004,16,2048,25
B0DEMO0004,17,1787,27
B0DEMO0004,18,1646,29
B0DEMO0004,19,1724,31
B0DEMO0004,20,1792,32
B0DEMO0004,21,1843,34
B0DEMO0004,22,1703,35
B0DEMO0004,23,1495,37
B0DEMO0004,24,1655,38
B0DEMO0004,25,1540,40
B0DEMO0004,26,1344,43
B0DEMO0004,27,1490,46
B0DEMO0004,28,1383,47
B0DEMO0004,29,1599,49
B0DEMO0004,30,1753,50
B0DEMO0004,31,1712,52
B0DEMO0004,32,1385,55
B0DEMO0004,33,1372,57
B0DEMO0004,34,1478,58
B0DEMO0004,35,1495,61
B0DEMO0004,36,1303,63
B0DEMO0004,37,1307,65
B0DEMO0004,38,1547,67
B0DEMO0004,39,1261,69
B0DEMO0004,40,1199,71
B0DEMO0004,41,1233,74
B0DEMO0004,42,1254,77
B0DEMO0004,43,1081,79
B0DEMO0004,44,1126,83
B0DEMO0004,45,1024,86
B0DEMO0004,46,1077,89
B0DEMO0004,47,1253,91
B0DEMO0004,48,1119,94
B0DEMO0004,49,1025,98
B0DEMO0004,50,937,100
B0DEMO0004,51,964,103
B0DEMO0004,52,1052,106
B0DEMO0004,53,904,110
B0DEMO0004,54,1039,113
B0DEMO0004,55,810,117
B0DEMO0004,56,864,121
B0DEMO0004,57,994,124
B0DEMO0004,58,720,129
B0DEMO0004,59,910,132
B0DEMO0004,60,697,137
B0DEMO0004,61,785,142
B0DEMO0004,62,763,146
B0DEMO0004,63,808,151
B0DEMO0004,64,574,156
B0DEMO0004,65,620,163
B0DEMO0004,66,676,168
B0DEMO0004,67,694,171
B0DEMO0004,68,630,176
B0DEMO0004,69,651,181
B0DEMO0004,70,589,187
B0DEMO0004,71,614,190
B0DEMO0004,72,580,195
B0DEMO0004,73,619,200
B0DEMO0004,74,623,204
B0DEMO0004,75,653,207
B0DEMO0004,76,541,213
B0DEMO0004,77,545,220
B0DEMO0004,78,550,226
B0DEMO0004,79,524,234
B0DEMO0004,80,524,241
B0DEMO0004,81,455,246
B0DEMO0004,82,521,254
B0DEMO0004,83,461,260
B0DEMO0004,84,451,268
B0DEMO0004,85,421,277
B0DEMO0004,86,515,282
B0DEMO0004,87,456,286
B0DEMO0004,88,497,295
B0DEMO0004,89,455,299
B0DEMO0004,90,382,310
B0DEMO0004,91,395,320
B0DEMO0004,92,451,328
B0DEMO0004,93,393,338
B0DEMO0004,94,377,349
B0DEMO0004,95,400,359
B0DEMO0004,96,394,365
B0DEMO0004,97,364,376
B0DEMO0004,98,379,380
B0DEMO0004,99,370,389
B0DEMO0004,100,308,398
B0DEMO0004,101,390,407
B0DEMO0004,102,347,417
B0DEMO0004,103,407,425
B0DEMO0004,104,331,436
B0DEMO0004,105,317,449
B0DEMO0004,106,392,454
B0DEMO0004,107,311,462
B0DEMO0004,108,333,467
B0DEMO0004,109,365,478
B0DEMO0004,110,337,487
B0DEMO0004,111,301,501
B0DEMO0004,112,347,507
B0DEMO0004,113,335,513
B0DEMO0004,114,376,523
B0DEMO0004,115,354,534
B0DEMO0004,116,430,540
B0DEMO0004,117,295,550
B0DEMO0004,118,336,556
B0DEMO0004,119,308,569
B0DEMO0005,0,1585,2
B0DEMO0005,1,1766,4
B0DEMO0005,2,1889,6
B0DEMO0005,3,1614,8
B0DEMO0005,4,1511,9
B0DEMO0005,5,1627,11
B0DEMO0005,6,1626,13
B0DEMO0005,7,1409,14
B0DEMO0005,8,1520,16
B0DEMO0005,9,1455,18
B0DEMO0005,10,1425,20
B0DEMO0005,11,1441,22
B0DEMO0005,12,1589,24
B0DEMO0005,13,1823,26
B0DEMO0005,14,1636,27
B0DEMO0005,15,1738,28
B0DEMO0005,16,1596,30
B0DEMO0005,17,1698,31
B0DEMO0005,18,1686,33
B0DEMO0005,19,1536,36
B0DEMO0005,20,1689,38
B0DEMO0005,21,1427,40
B0DEMO0005,22,1605,42
B0DEMO0005,23,1534,44
B0DEMO0005,24,1797,46
B0DEMO0005,25,1413,48
B0DEMO0005,26,1478,50
B0DEMO0005,27,1395,51
B0DEMO0005,28,1463,54
B0DEMO0005,29,1575,57
B0DEMO0005,30,1429,58
B0DEMO0005,31,1371,60
B0DEMO0005,32,1208,62
B0DEMO0005,33,1656,64
B0DEMO0005,34,1346,65
B0DEMO0005,35,1246,68
B0DEMO0005,36,1362,71
B0DEMO0005,37,1171,73
B0DEMO0005,38,1115,76
B0DEMO0005,39,1157,78
B0DEMO0005,40,1250,80
B0DEMO0005,41,1394,82
B0DEMO0005,42,1230,84
B0DEMO0005,43,1065,86
B0DEMO0005,44,1121,90
B0DEMO0005,45,1443,92
B0DEMO0005,46,1252,95
B0DEMO0005,47,1109,97
B0DEMO0005,48,1115,101
B0DEMO0005,49,1047,102
B0DEMO0005,50,1101,104
B0DEMO0005,51,1022,107
B0DEMO0005,52,951,110
B0DEMO0005,53,1143,113
B0DEMO0005,54,997,116
B0DEMO0005,55,987,118
B0DEMO0005,56,976,121
B0DEMO0005,57,1006,124
B0DEMO0005,58,919,126
B0DEMO0005,59,955,130
B0DEMO0005,60,1001,133
B0DEMO0005,61,941,136
B0DEMO0005,62,836,139
B0DEMO0005,63,958,141
B0DEMO0005,64,824,147
B0DEMO0005,65,872,149
B0DEMO0005,66,767,152
B0DEMO0005,67,764,157
B0DEMO0005,68,905,161
B0DEMO0005,69,758,166
B0DEMO0005,70,768,169
B0DEMO0005,71,876,171
B0DEMO0005,72,1029,174
B0DEMO0005,73,807,178
B0DEMO0005,74,790,181
B0DEMO0005,75,692,185
B0DEMO0005,76,807,188
B0DEMO0005,77,781,192
B0DEMO0005,78,606,198
B0DEMO0005,79,746,201
B0DEMO0005,80,680,205
B0DEMO0005,81,713,210
B0DEMO0005,82,731,214
B0DEMO0005,83,722,218
B0DEMO0005,84,591,221
B0DEMO0005,85,610,226
B0DEMO0005,86,594,230
B0DEMO0005,87,684,234
B0DEMO0005,88,612,240
B0DEMO0005,89,680,244
B0DEMO0005,90,540,249
B0DEMO0005,91,645,255
B0DEMO0005,92,656,258
B0DEMO0005,93,642,265
B0DEMO0005,94,633,269
B0DEMO0005,95,543,276
B0DEMO0005,96,611,280
B0DEMO0005,97,537,285
B0DEMO0005,98,604,289
B0DEMO0005,99,533,294
B0DEMO0005,100,579,299
B0DEMO0005,101,515,303
B0DEMO0005,102,545,310
B0DEMO0005,103,509,317
B0DEMO0005,104,529,321
B0DEMO0005,105,570,328
B0DEMO0005,106,601,331
B0DEMO0005,107,514,338
B0DEMO0005,108,511,344
B0DEMO0005,109,530,348
B0DEMO0005,110,564,354
B0DEMO0005,111,546,359
B0DEMO0005,112,519,367
B0DEMO0005,113,480,374
B0DEMO0005,114,528,378
B0DEMO0005,115,527,382
B0DEMO0005,116,569,386
B0DEMO0005,117,501,391
B0DEMO0005,118,495,395
B0DEMO0005,119,479,403
B0DEMO0006,0,1954,1
B0DEMO0006,1,2066,3
B0DEMO0006,2,2006,4
B0DEMO0006,3,1848,6
B0DEMO0006,4,1851,8
B0DEMO0006,5,1778,10
B0DEMO0006,6,1937,11
B0DEMO0006,7,2567,12
B0DEMO0006,8,2040,13
B0DEMO0006,9,2274,15
B0DEMO0006,10,1870,16
B0DEMO0006,11,2123,17
B0DEMO0006,12,2128,19
B0DEMO0006,13,1849,21
B0DEMO0006,14,1996,22
B0DEMO0006,15,2069,24
B0DEMO0006,16,1958,25
B0DEMO0006,17,1993,26
B0DEMO0006,18,1878,27
B0DEMO0006,19,2041,29
B0DEMO0006,20,1681,30
B0DEMO0006,21,1600,33
B0DEMO0006,22,2062,34
B0DEMO0006,23,1972,36
B0DEMO0006,24,1700,38
B0DEMO0006,25,1949,40
B0DEMO0006,26,2035,42
B0DEMO0006,27,1706,44
B0DEMO0006,28,2070,45
B0DEMO0006,29,1803,46
B0DEMO0006,30,1623,48
B0DEMO0006,31,1638,49
B0DEMO0006,32,1533,51
B0DEMO0006,33,1535,53
B0DEMO0006,34,1744,54
B0DEMO0006,35,1542,56
B0DEMO0006,36,1644,58
B0DEMO0006,37,1327,59
B0DEMO0006,38,1555,60
B0DEMO0006,39,1474,63
B0DEMO0006,40,1435,65
B0DEMO0006,41,1405,68
B0DEMO0006,42,1318,71
B0DEMO0006,43,1091,73
B0DEMO0006,44,1219,76
B0DEMO0006,45,1313,79
B0DEMO0006,46,1166,81
B0DEMO0006,47,1474,82
B0DEMO0006,48,1139,84
B0DEMO0006,49,1359,87
B0DEMO0006,50,1206,90
B0DEMO0006,51,1170,92
B0DEMO0006,52,1119,95
B0DEMO0006,53,1095,98
B0DEMO0006,54,1079,100
B0DEMO0006,55,1216,101
B0DEMO0006,56,1042,105
B0DEMO0006,57,1115,108
B0DEMO0006,58,1189,109
B0DEMO0006,59,874,114
B0DEMO0006,60,976,117
B0DEMO0006,61,967,120
B0DEMO0006,62,1081,123
B0DEMO0006,63,1014,126
B0DEMO0006,64,997,130
B0DEMO0006,65,891,132
B0DEMO0006,66,848,135
B0DEMO0006,67,806,138
B0DEMO0006,68,951,141
B0DEMO0006,69,938,144
B0DEMO0006,70,918,147
B0DEMO0006,71,870,151
B0DEMO0006,72,776,154
B0DEMO0006,73,753,160
B0DEMO0006,74,853,163
B0DEMO0006,75,841,168
B0DEMO0006,76,979,171
B0DEMO0006,77,679,173
B0DEMO0006,78,753,179
B0DEMO0006,79,705,181
B0DEMO0006,80,675,185
B0DEMO0006,81,639,190
B0DEMO0006,82,732,195
B0DEMO0006,83,678,198
B0DEMO0006,84,710,201
B0DEMO0006,85,638,205
B0DEMO0006,86,645,210
B0DEMO0006,87,600,214
B0DEMO0006,88,653,218
B0DEMO0006,89,614,224
B0DEMO0006,90,582,228
B0DEMO0006,91,684,232
B0DEMO0006,92,534,237
B0DEMO0006,93,579,243
B0DEMO0006,94,571,249
B0DEMO0006,95,515,256
B0DEMO0006,96,515,264
B0DEMO0006,97,483,270
B0DEMO0006,98,507,274
B0DEMO0006,99,504,279
B0DEMO0006,100,553,285
B0DEMO0006,101,554,292
B0DEMO0006,102,506,296
B0DEMO0006,103,470,301
B0DEMO0006,104,575,307
B0DEMO0006,105,477,316
B0DEMO0006,106,548,320
B0DEMO0006,107,517,325
B0DEMO0006,108,483,331
B0DEMO0006,109,406,340
B0DEMO0006,110,448,347
B0DEMO0006,111,454,351
B0DEMO0006,112,498,358
B0DEMO0006,113,463,363
B0DEMO0006,114,496,371
B0DEMO0006,115,600,374
B0DEMO0006,116,505,381
B0DEMO0006,117,410,387
B0DEMO0006,118,506,394
B0DEMO0006,119,543,399
B0DEMO0007,0,1065,2
B0DEMO0007,1,1173,4
B0DEMO0007,2,1274,6
B0DEMO0007,3,1118,9
B0DEMO0007,4,1215,10
B0DEMO0007,5,1031,12
B0DEMO0007,6,1279,14
B0DEMO0007,7,1222,16
B0DEMO0007,8,1209,18
B0DEMO0007,9,1054,21
B0DEMO0007,10,1134,23
B0DEMO0007,11,1180,25
B0DEMO0007,12,1101,28
B0DEMO0007,13,1073,30
B0DEMO0007,14,1058,33
B0DEMO0007,15,1071,36
B0DEMO0007,16,1091,39
B0DEMO0007,17,1041,40
B0DEMO0007,18,1297,41
B0DEMO0007,19,1151,44
B0DEMO0007,20,925,47
B0DEMO0007,21,1367,49
B0DEMO0007,22,1046,51
B0DEMO0007,23,1342,53
B0DEMO0007,24,1101,56
B0DEMO0007,25,1050,58
B0DEMO0007,26,1002,61
B0DEMO0007,27,986,63
B0DEMO0007,28,1077,66
B0DEMO0007,29,917,69
B0DEMO0007,30,1065,72
B0DEMO0007,31,999,75
B0DEMO0007,32,900,77
B0DEMO0007,33,911,79
B0DEMO0007,34,1015,80
B0DEMO0007,35,983,83
B0DEMO0007,36,981,85
B0DEMO0007,37,890,87
B0DEMO0007,38,880,91
B0DEMO0007,39,1009,93
B0DEMO0007,40,847,96
B0DEMO0007,41,857,100
B0DEMO0007,42,984,103
B0DEMO0007,43,883,107
B0DEMO0007,44,904,109
B0DEMO0007,45,799,111
B0DEMO0007,46,811,115
B0DEMO0007,47,856,117
B0DEMO0007,48,829,120
B0DEMO0007,49,810,123
B0DEMO0007,50,929,125
B0DEMO0007,51,907,127
B0DEMO0007,52,761,129
B0DEMO0007,53,815,132
B0DEMO0007,54,761,136
B0DEMO0007,55,779,138
B0DEMO0007,56,785,142
B0DEMO0007,57,851,145
B0DEMO0007,58,824,147
B0DEMO0007,59,763,151
B0DEMO0007,60,819,153
B0DEMO0007,61,713,158
B0DEMO0007,62,827,161
B0DEMO0007,63,815,164
B0DEMO0007,64,614,168
B0DEMO0007,65,753,171
B0DEMO0007,66,685,173
B0DEMO0007,67,708,178
B0DEMO0007,68,650,181
B0DEMO0007,69,595,187
B0DEMO0007,70,657,190
B0DEMO0007,71,718,193
B0DEMO0007,72,728,195
B0DEMO0007,73,684,199
B0DEMO0007,74,734,204
B0DEMO0007,75,583,208
B0DEMO0007,76,610,212
B0DEMO0007,77,528,217
B0DEMO0007,78,570,223
B0DEMO0007,79,555,227
B0DEMO0007,80,588,233
B0DEMO0007,81,606,237
B0DEMO0007,82,609,242
B0DEMO0007,83,621,246
B0DEMO0007,84,593,250
B0DEMO0007,85,575,255
B0DEMO0007,86,539,258
B0DEMO0007,87,560,263
B0DEMO0007,88,590,265
B0DEMO0007,89,514,270
B0DEMO0007,90,546,276
B0DEMO0007,91,544,280
B0DEMO0007,92,492,287
B0DEMO0007,93,736,291
B0DEMO0007,94,534,294
B0DEMO0007,95,491,301
B0DEMO0007,96,546,305
B0DEMO0007,97,459,312
B0DEMO0007,98,641,315
B0DEMO0007,99,579,321
B0DEMO0007,100,495,327
B0DEMO0007,101,486,331
B0DEMO0007,102,501,336
B0DEMO0007,103,481,341
B0DEMO0007,104,566,344
B0DEMO0007,105,463,348
B0DEMO0007,106,491,352
B0DEMO0007,107,486,357
B0DEMO0007,108,547,362
B0DEMO0007,109,493,367
B0DEMO0007,110,512,372
B0DEMO0007,111,491,377
B0DEMO0007,112,514,382
B0DEMO0007,113,512,386
B0DEMO0007,114,513,392
B0DEMO0007,115,525,398
B0DEMO0007,116,485,402
B0DEMO0007,117,459,407
B0DEMO0007,118,578,412
B0DEMO0007,119,463,418
B0DEMO0008,0,972,1
B0DEMO0008,1,960,3
B0DEMO0008,2,857,6
B0DEMO0008,3,1067,10
B0DEMO0008,4,982,12
B0DEMO0008,5,836,15
B0DEMO0008,6,859,18
B0DEMO0008,7,870,21
B0DEMO0008,8,798,25
B0DEMO0008,9,750,27
B0DEMO0008,10,849,30
B0DEMO0008,11,865,33
B0DEMO0008,12,966,36
B0DEMO0008,13,907,38
B0DEMO0008,14,773,42
B0DEMO0008,15,855,45
B0DEMO0008,16,877,49
B0DEMO0008,17,798,51
B0DEMO0008,18,879,53
B0DEMO0008,19,806,56
B0DEMO0008,20,755,59
B0DEMO0008,21,794,62
B0DEMO0008,22,859,65
B0DEMO0008,23,895,68
B0DEMO0008,24,762,71
B0DEMO0008,25,846,74
B0DEMO0008,26,827,77
B0DEMO0008,27,874,79
B0DEMO0008,28,738,81
B0DEMO0008,29,739,86
B0DEMO0008,30,837,89
B0DEMO0008,31,692,94
B0DEMO0008,32,741,96
B0DEMO0008,33,687,99
B0DEMO0008,34,573,103
B0DEMO0008,35,664,107
B0DEMO0008,36,676,110
B0DEMO0008,37,730,113
B0DEMO0008,38,779,117
B0DEMO0008,39,690,120
B0DEMO0008,40,633,123
B0DEMO0008,41,677,126
B0DEMO0008,42,635,131
B0DEMO0008,43,585,135
B0DEMO0008,44,628,138
B0DEMO0008,45,578,143
B0DEMO0008,46,646,148
B0DEMO0008,47,705,152
B0DEMO0008,48,677,157
B0DEMO0008,49,617,162
B0DEMO0008,50,586,166
B0DEMO0008,51,735,171
B0DEMO0008,52,694,174
B0DEMO0008,53,588,177
B0DEMO0008,54,570,183
B0DEMO0008,55,518,188
B0DEMO0008,56,525,193
B0DEMO0008,57,572,199
B0DEMO0008,58,472,204
B0DEMO0008,59,517,209
B0DEMO0008,60,540,215
B0DEMO0008,61,506,221
B0DEMO0008,62,487,228
B0DEMO0008,63,503,234
B0DEMO0008,64,554,239
B0DEMO0008,65,489,245
B0DEMO0008,66,469,251
B0DEMO0008,67,561,257
B0DEMO0008,68,501,262
B0DEMO0008,69,497,267
B0DEMO0008,70,498,271
B0DEMO0008,71,472,278
B0DEMO0008,72,522,282
B0DEMO0008,73,441,289
B0DEMO0008,74,459,296
B0DEMO0008,75,429,300
B0DEMO0008,76,462,306
B0DEMO0008,77,419,310
B0DEMO0008,78,413,318
B0DEMO0008,79,423,324
B0DEMO0008,80,474,330
B0DEMO0008,81,461,336
B0DEMO0008,82,420,342
B0DEMO0008,83,425,350
B0DEMO0008,84,430,355
B0DEMO0008,85,393,359
B0DEMO0008,86,403,364
B0DEMO0008,87,413,369
B0DEMO0008,88,377,376
B0DEMO0008,89,422,383
B0DEMO0008,90,379,390
B0DEMO0008,91,368,396
B0DEMO0008,92,471,399
B0DEMO0008,93,358,405
B0DEMO0008,94,397,409
B0DEMO0008,95,408,413
B0DEMO0008,96,392,418
B0DEMO0008,97,342,424
B0DEMO0008,98,334,433
B0DEMO0008,99,321,441
B0DEMO0008,100,351,446
B0DEMO0008,101,377,454
B0DEMO0008,102,399,463
B0DEMO0008,103,367,470
B0DEMO0008,104,336,476
B0DEMO0008,105,329,482
B0DEMO0008,106,340,487
B0DEMO0008,107,293,496
B0DEMO0008,108,406,504
B0DEMO0008,109,354,513
B0DEMO0008,110,296,521
B0DEMO0008,111,363,530
B0DEMO0008,112,342,537
B0DEMO0008,113,332,547
B0DEMO0008,114,359,553
B0DEMO0008,115,295,559
B0DEMO0008,116,351,569
B0DEMO0008,117,376,577
B0DEMO0008,118,348,582
B0DEMO0008,119,317,593
B0DEMO0009,0,1365,1
B0DEMO0009,1,1151,4
B0DEMO0009,2,1183,6
B0DEMO0009,3,939,8
B0DEMO0009,4,1033,10
B0DEMO0009,5,1201,12
B0DEMO0009,6,1084,14
B0DEMO0009,7,1200,16
B0DEMO0009,8,1166,19
B0DEMO0009,9,1253,21
B0DEMO0009,10,1175,23
B0DEMO0009,11,1185,25
B0DEMO0009,12,1242,28
B0DEMO0009,13,1017,31
B0DEMO0009,14,1248,32
B0DEMO0009,15,1130,35
B0DEMO0009,16,951,37
B0DEMO0009,17,959,39
B0DEMO0009,18,1126,42
B0DEMO0009,19,1026,43
B0DEMO0009,20,1164,46
B0DEMO0009,21,1091,49
B0DEMO0009,22,923,53
B0DEMO0009,23,1063,55
B0DEMO0009,24,1053,58
B0DEMO0009,25,956,60
B0DEMO0009,26,1071,63
B0DEMO0009,27,997,65
B0DEMO0009,28,844,67
B0DEMO0009,29,918,68
B0DEMO0009,30,943,71
B0DEMO0009,31,884,73
B0DEMO0009,32,966,75
B0DEMO0009,33,896,77
B0DEMO0009,34,969,80
B0DEMO0009,35,827,82
B0DEMO0009,36,760,85
B0DEMO0009,37,793,90
B0DEMO0009,38,853,94
B0DEMO0009,39,777,97
B0DEMO0009,40,953,99
B0DEMO0009,41,674,103
B0DEMO0009,42,719,106
B0DEMO0009,43,760,108
B0DEMO0009,44,743,112
B0DEMO0009,45,822,115
B0DEMO0009,46,655,118
B0DEMO0009,47,669,122
B0DEMO0009,48,745,126
B0DEMO0009,49,772,129
B0DEMO0009,50,666,134
B0DEMO0009,51,664,137
B0DEMO0009,52,617,142
B0DEMO0009,53,711,146
B0DEMO0009,54,591,149
B0DEMO0009,55,666,153
B0DEMO0009,56,596,156
B0DEMO0009,57,557,160
B0DEMO0009,58,582,166
B0DEMO0009,59,609,168
B0DEMO0009,60,538,175
B0DEMO0009,61,552,179
B0DEMO0009,62,563,183
B0DEMO0009,63,631,187
B0DEMO0009,64,560,191
B0DEMO0009,65,559,197
B0DEMO0009,66,553,200
B0DEMO0009,67,518,206
B0DEMO0009,68,454,213
B0DEMO0009,69,510,216
B0DEMO0009,70,455,221
B0DEMO0009,71,488,225
B0DEMO0009,72,453,231
B0DEMO0009,73,466,237
B0DEMO0009,74,414,244
B0DEMO0009,75,448,247
B0DEMO0009,76,372,256
B0DEMO0009,77,409,263
B0DEMO0009,78,448,268
B0DEMO0009,79,420,276
B0DEMO0009,80,396,285
B0DEMO0009,81,391,293
B0DEMO0009,82,445,301
B0DEMO0009,83,410,305
B0DEMO0009,84,342,315
B0DEMO0009,85,351,323
B0DEMO0009,86,372,330
B0DEMO0009,87,383,336
B0DEMO0009,88,379,344
B0DEMO0009,89,340,353
B0DEMO0009,90,365,359
B0DEMO0009,91,334,366
B0DEMO0009,92,356,374
B0DEMO0009,93,379,379
B0DEMO0009,94,330,389
B0DEMO0009,95,286,394
B0DEMO0009,96,360,399
B0DEMO0009,97,300,405
B0DEMO0009,98,309,416
B0DEMO0009,99,290,426
B0DEMO0009,100,312,437
B0DEMO0009,101,330,444
B0DEMO0009,102,299,452
B0DEMO0009,103,330,460
B0DEMO0009,104,287,471
B0DEMO0009,105,281,482
B0DEMO0009,106,265,491
B0DEMO0009,107,333,498
B0DEMO0009,108,253,510
B0DEMO0009,109,298,520
B0DEMO0009,110,281,530
B0DEMO0009,111,251,537
B0DEMO0009,112,279,548
B0DEMO0009,113,299,555
B0DEMO0009,114,281,561
B0DEMO0009,115,289,568
B0DEMO0009,116,308,573
B0DEMO0009,117,255,584
B0DEMO0009,118,311,593
B0DEMO0009,119,284,602
B0DEMO0010,0,2910,0
B0DEMO0010,1,3173,1
B0DEMO0010,2,2765,2
B0DEMO0010,3,2970,3
B0DEMO0010,4,2675,3
B0DEMO0010,5,2743,4
B0DEMO0010,6,2875,4
B0DEMO0010,7,2659,5
B0DEMO0010,8,2835,6
B0DEMO0010,9,2914,7
B0DEMO0010,10,2789,7
B0DEMO0010,11,3029,8
B0DEMO0010,12,2818,9
B0DEMO0010,13,2654,9
B0DEMO0010,14,2607,10
B0DEMO0010,15,2885,11
B0DEMO0010,16,3210,11
B0DEMO0010,17,3015,12
B0DEMO0010,18,2377,13
B0DEMO0010,19,2809,14
B0DEMO0010,20,2738,15
B0DEMO0010,21,2700,15
B0DEMO0010,22,2394,16
B0DEMO0010,23,2720,17
B0DEMO0010,24,2491,18
B0DEMO0010,25,2557,19
B0DEMO0010,26,2772,19
B0DEMO0010,27,2662,20
B0DEMO0010,28,2228,21
B0DEMO0010,29,2286,22
B0DEMO0010,30,2474,23
B0DEMO0010,31,2408,23
B0DEMO0010,32,2137,24
B0DEMO0010,33,2561,24
B0DEMO0010,34,2322,25
B0DEMO0010,35,2111,26
B0DEMO0010,36,2454,27
B0DEMO0010,37,2281,27
B0DEMO0010,38,2006,29
B0DEMO0010,39,2203,30
B0DEMO0010,40,2283,31
B0DEMO0010,41,2314,32
B0DEMO0010,42,2153,33
B0DEMO0010,43,2238,33
B0DEMO0010,44,2184,34
B0DEMO0010,45,2211,35
B0DEMO0010,46,1980,36
B0DEMO0010,47,2333,37
B0DEMO0010,48,1783,38
B0DEMO0010,49,2310,39
B0DEMO0010,50,1937,40
B0DEMO0010,51,1775,42
B0DEMO0010,52,1800,43
B0DEMO0010,53,1790,44
B0DEMO0010,54,1887,45
B0DEMO0010,55,1866,46
B0DEMO0010,56,1620,47
B0DEMO0010,57,1985,47
B0DEMO0010,58,1590,49
B0DEMO0010,59,1966,50
B0DEMO0010,60,1609,52
B0DEMO0010,61,1774,53
B0DEMO0010,62,1789,54
B0DEMO0010,63,1512,55
B0DEMO0010,64,1567,56
B0DEMO0010,65,1576,57
B0DEMO0010,66,1465,59
B0DEMO0010,67,1482,60
B0DEMO0010,68,1501,62
B0DEMO0010,69,1569,63
B0DEMO0010,70,1455,64
B0DEMO0010,71,1586,65
B0DEMO0010,72,1487,66
B0DEMO0010,73,1327,68
B0DEMO0010,74,1684,69
B0DEMO0010,75,1411,70
B0DEMO0010,76,1393,71
B0DEMO0010,77,1503,73
B0DEMO0010,78,1427,75
B0DEMO0010,79,1287,77
B0DEMO0010,80,1440,78
B0DEMO0010,81,1327,79
B0DEMO0010,82,1412,81
B0DEMO0010,83,1327,82
B0DEMO0010,84,1317,83
B0DEMO0010,85,1277,84
B0DEMO0010,86,1253,86
B0DEMO0010,87,1055,88
B0DEMO0010,88,1309,89
B0DEMO0010,89,1437,90
B0DEMO0010,90,1258,92
B0DEMO0010,91,1196,94
B0DEMO0010,92,1322,96
B0DEMO0010,93,1074,98
B0DEMO0010,94,1173,100
B0DEMO0010,95,1142,101
B0DEMO0010,96,1155,102
B0DEMO0010,97,1239,104
B0DEMO0010,98,1217,106
B0DEMO0010,99,1235,107
B0DEMO0010,100,1075,110
B0DEMO0010,101,1209,112
B0DEMO0010,102,1036,114
B0DEMO0010,103,1057,115
B0DEMO0010,104,935,117
B0DEMO0010,105,1069,119
B0DEMO0010,106,1170,121
B0DEMO0010,107,1035,123
B0DEMO0010,108,1345,124
B0DEMO0010,109,1145,127
B0DEMO0010,110,1041,128
B0DEMO0010,111,942,130
B0DEMO0010,112,932,132
B0DEMO0010,113,976,135
B0DEMO0010,114,1127,136
B0DEMO0010,115,1115,137
B0DEMO0010,116,1046,139
B0DEMO0010,117,1027,140
B0DEMO0010,118,990,143
B0DEMO0010,119,1001,145
B0DEMO0011,0,2829,0
B0DEMO0011,1,2545,1
B0DEMO0011,2,2573,2
B0DEMO0011,3,2233,3
B0DEMO0011,4,2423,3
B0DEMO0011,5,2602,4
B0DEMO0011,6,2265,5
B0DEMO0011,7,2694,6
B0DEMO0011,8,2448,6
B0DEMO0011,9,2404,7
B0DEMO0011,10,2555,8
B0DEMO0011,11,2474,9
B0DEMO0011,12,2469,10
B0DEMO0011,13,2920,11
B0DEMO0011,14,2845,11
B0DEMO0011,15,2684,12
B0DEMO0011,16,2739,13
B0DEMO0011,17,2699,13
B0DEMO0011,18,2514,14
B0DEMO0011,19,2747,15
B0DEMO0011,20,2268,15
B0DEMO0011,21,2064,16
B0DEMO0011,22,2228,18
B0DEMO0011,23,2239,19
B0DEMO0011,24,2114,20
B0DEMO0011,25,2123,20
B0DEMO0011,26,2449,21
B0DEMO0011,27,2012,22
B0DEMO0011,28,2087,23
B0DEMO0011,29,2171,24
B0DEMO0011,30,2159,25
B0DEMO0011,31,2169,25
B0DEMO0011,32,2363,27
B0DEMO0011,33,2174,27
B0DEMO0011,34,1822,28
B0DEMO0011,35,1977,29
B0DEMO0011,36,1802,30
B0DEMO0011,37,2087,32
B0DEMO0011,38,2137,32
B0DEMO0011,39,2001,34
B0DEMO0011,40,2063,34
B0DEMO0011,41,1882,36
B0DEMO0011,42,2150,37
B0DEMO0011,43,2053,38
B0DEMO0011,44,1853,39
B0DEMO0011,45,1774,40
B0DEMO0011,46,2007,41
B0DEMO0011,47,1994,42
B0DEMO0011,48,1860,43
B0DEMO0011,49,1996,44
B0DEMO0011,50,1956,45
B0DEMO0011,51,1733,46
B0DEMO0011,52,1969,47
B0DEMO0011,53,1983,48
B0DEMO0011,54,1702,49
B0DEMO0011,55,1682,50
B0DEMO0011,56,1998,51
B0DEMO0011,57,1859,52
B0DEMO0011,58,1741,53
B0DEMO0011,59,1574,54
B0DEMO0011,60,1688,56
B0DEMO0011,61,1477,57
B0DEMO0011,62,1762,58
B0DEMO0011,63,1540,59
B0DEMO0011,64,1458,60
B0DEMO0011,65,1616,62
B0DEMO0011,66,1764,63
B0DEMO0011,67,1402,64
B0DEMO0011,68,1859,65
B0DEMO0011,69,1733,66
B0DEMO0011,70,1404,68
B0DEMO0011,71,1375,70
B0DEMO0011,72,1625,71
B0DEMO0011,73,1318,72
B0DEMO0011,74,1238,74
B0DEMO0011,75,1646,76
B0DEMO0011,76,1499,77
B0DEMO0011,77,1310,78
B0DEMO0011,78,1370,80
B0DEMO0011,79,1481,81
B0DEMO0011,80,1329,82
B0DEMO0011,81,1355,83
B0DEMO0011,82,1480,84
B0DEMO0011,83,1204,86
B0DEMO0011,84,1486,88
B0DEMO0011,85,1218,89
B0DEMO0011,86,1463,91
B0DEMO0011,87,1345,92
B0DEMO0011,88,1302,94
B0DEMO0011,89,1266,96
B0DEMO0011,90,1327,97
B0DEMO0011,91,1238,99
B0DEMO0011,92,987,101
B0DEMO0011,93,1331,103
B0DEMO0011,94,975,104
B0DEMO0011,95,1378,106
B0DEMO0011,96,1402,108
B0DEMO0011,97,1108,109
B0DEMO0011,98,1143,111
B0DEMO0011,99,1397,112
B0DEMO0011,100,1221,113
B0DEMO0011,101,1155,115
B0DEMO0011,102,1153,117
B0DEMO0011,103,1202,118
B0DEMO0011,104,1099,119
B0DEMO0011,105,1051,120
B0DEMO0011,106,1286,122
B0DEMO0011,107,1194,123
B0DEMO0011,108,1125,125
B0DEMO0011,109,1002,127
B0DEMO0011,110,1105,129
B0DEMO0011,111,1155,131
B0DEMO0011,112,1188,133
B0DEMO0011,113,1168,135
B0DEMO0011,114,1243,137
B0DEMO0011,115,1187,138
B0DEMO0011,116,1034,140
B0DEMO0011,117,1114,142
B0DEMO0011,118,1211,144
B0DEMO0011,119,1130,145
B0DEMO0012,0,2790,0
B0DEMO0012,1,2606,1
B0DEMO0012,2,2916,2
B0DEMO0012,3,3029,3
B0DEMO0012,4,2962,3
B0DEMO0012,5,2498,4
B0DEMO0012,6,2960,4
B0DEMO0012,7,2918,5
B0DEMO0012,8,3122,6
B0DEMO0012,9,2661,6
B0DEMO0012,10,2708,7
B0DEMO0012,11,2635,8
B0DEMO0012,12,2325,8
B0DEMO0012,13,2980,9
B0DEMO0012,14,2824,10
B0DEMO0012,15,3088,11
B0DEMO0012,16,2939,11
B0DEMO0012,17,2617,12
B0DEMO0012,18,2451,13
B0DEMO0012,19,2228,14
B0DEMO0012,20,2500,15
B0DEMO0012,21,2606,15
B0DEMO0012,22,2586,16
B0DEMO0012,23,2328,17
B0DEMO0012,24,2507,18
B0DEMO0012,25,2157,19
B0DEMO0012,26,2557,20
B0DEMO0012,27,2516,20
B0DEMO0012,28,2421,22
B0DEMO0012,29,2312,22
B0DEMO0012,30,2191,23
B0DEMO0012,31,2214,24
B0DEMO0012,32,1921,25
B0DEMO0012,33,2385,26
B0DEMO0012,34,2348,27
B0DEMO0012,35,1909,28
B0DEMO0012,36,2064,29
B0DEMO0012,37,2130,30
B0DEMO0012,38,1892,31
B0DEMO0012,39,2053,32
B0DEMO0012,40,1914,33
B0DEMO0012,41,2243,34
B0DEMO0012,42,1925,35
B0DEMO0012,43,1796,36
B0DEMO0012,44,1627,37
B0DEMO0012,45,2170,38
B0DEMO0012,46,2100,39
B0DEMO0012,47,1799,40
B0DEMO0012,48,1758,41
B0DEMO0012,49,1585,42
B0DEMO0012,50,1749,44
B0DEMO0012,51,1629,45
B0DEMO0012,52,1704,46
B0DEMO0012,53,1641,48
B0DEMO0012,54,1459,49
B0DEMO0012,55,1558,50
B0DEMO0012,56,1575,51
B0DEMO0012,57,1542,53
B0DEMO0012,58,1433,54
B0DEMO0012,59,1699,55
B0DEMO0012,60,1357,57
B0DEMO0012,61,1609,58
B0DEMO0012,62,1419,59
B0DEMO0012,63,1499,60
B0DEMO0012,64,1526,61
B0DEMO0012,65,1372,63
B0DEMO0012,66,1679,63
B0DEMO0012,67,1276,65
B0DEMO0012,68,1379,67
B0DEMO0012,69,1373,68
B0DEMO0012,70,1360,70
B0DEMO0012,71,1288,71
B0DEMO0012,72,1310,73
B0DEMO0012,73,1151,74
B0DEMO0012,74,1304,75
B0DEMO0012,75,1136,77
B0DEMO0012,76,1181,78
B0DEMO0012,77,1049,80
B0DEMO0012,78,1027,82
B0DEMO0012,79,1131,85
B0DEMO0012,80,1030,87
B0DEMO0012,81,1182,89
B0DEMO0012,82,1218,91
B0DEMO0012,83,1128,93
B0DEMO0012,84,1114,95
B0DEMO0012,85,1104,98
B0DEMO0012,86,1158,100
B0DEMO0012,87,887,102
B0DEMO0012,88,902,103
B0DEMO0012,89,1103,105
B0DEMO0012,90,953,107
B0DEMO0012,91,1062,109
B0DEMO0012,92,991,111
B0DEMO0012,93,1164,113
B0DEMO0012,94,1042,115
B0DEMO0012,95,1046,117
B0DEMO0012,96,962,118
B0DEMO0012,97,948,121
B0DEMO0012,98,859,124
B0DEMO0012,99,930,127
B0DEMO0012,100,953,130
B0DEMO0012,101,943,132
B0DEMO0012,102,899,134
B0DEMO0012,103,809,135
B0DEMO0012,104,753,137
B0DEMO0012,105,903,139
B0DEMO0012,106,979,141
B0DEMO0012,107,931,143
B0DEMO0012,108,822,145
B0DEMO0012,109,959,147
B0DEMO0012,110,812,150
B0DEMO0012,111,818,152
B0DEMO0012,112,867,154
B0DEMO0012,113,811,157
B0DEMO0012,114,796,160
B0DEMO0012,115,682,162
B0DEMO0012,116,818,164
B0DEMO0012,117,847,167
B0DEMO0012,118,796,168
B0DEMO0012,119,959,170
B0DEMO0013,0,2548,0
B0DEMO0013,1,2683,1
B0DEMO0013,2,2586,2
B0DEMO0013,3,2730,2
B0DEMO0013,4,2914,3
B0DEMO0013,5,3078,3
B0DEMO0013,6,2753,4
B0DEMO0013,7,2141,5
B0DEMO0013,8,2526,6
B0DEMO0013,9,2494,7
B0DEMO0013,10,2922,8
B0DEMO0013,11,2521,9
B0DEMO0013,12,2924,10
B0DEMO0013,13,2416,10
B0DEMO0013,14,2605,11
B0DEMO0013,15,2833,12
B0DEMO0013,16,2620,13
B0DEMO0013,17,2690,14
B0DEMO0013,18,2481,14
B0DEMO0013,19,2414,16
B0DEMO0013,20,2434,16
B0DEMO0013,21,2049,17
B0DEMO0013,22,2668,18
B0DEMO0013,23,2400,19
B0DEMO0013,24,3012,20
B0DEMO0013,25,2417,21
B0DEMO0013,26,2694,22
B0DEMO0013,27,2462,23
B0DEMO0013,28,2879,23
B0DEMO0013,29,2154,24
B0DEMO0013,30,2410,26
B0DEMO0013,31,2602,27
B0DEMO0013,32,2432,27
B0DEMO0013,33,2281,28
B0DEMO0013,34,2301,29
B0DEMO0013,35,2158,30
B0DEMO0013,36,2386,31
B0DEMO0013,37,2246,32
B0DEMO0013,38,2300,33
B0DEMO0013,39,2175,34
B0DEMO0013,40,2146,35
B0DEMO0013,41,1964,37
B0DEMO0013,42,2325,37
B0DEMO0013,43,2041,38
B0DEMO0013,44,2131,39
B0DEMO0013,45,2260,40
B0DEMO0013,46,2233,40
B0DEMO0013,47,2148,41
B0DEMO0013,48,2084,43
B0DEMO0013,49,2067,44
B0DEMO0013,50,1854,45
B0DEMO0013,51,2209,46
B0DEMO0013,52,2369,47
B0DEMO0013,53,1933,48
B0DEMO0013,54,1831,48
B0DEMO0013,55,1970,50
B0DEMO0013,56,1880,51
B0DEMO0013,57,1911,52
B0DEMO0013,58,1635,54
B0DEMO0013,59,1939,55
B0DEMO0013,60,1755,56
B0DEMO0013,61,1693,57
B0DEMO0013,62,1884,58
B0DEMO0013,63,1888,59
B0DEMO0013,64,1894,60
B0DEMO0013,65,1712,61
B0DEMO0013,66,1652,62
B0DEMO0013,67,2128,63
B0DEMO0013,68,1844,64
B0DEMO0013,69,1790,65
B0DEMO0013,70,1584,65
B0DEMO0013,71,1888,67
B0DEMO0013,72,1452,68
B0DEMO0013,73,1614,69
B0DEMO0013,74,1841,70
B0DEMO0013,75,1772,71
B0DEMO0013,76,1546,72
B0DEMO0013,77,1549,74
B0DEMO0013,78,1970,75
B0DEMO0013,79,1682,77
B0DEMO0013,80,1753,78
B0DEMO0013,81,1846,79
B0DEMO0013,82,1619,80
B0DEMO0013,83,1624,81
B0DEMO0013,84,1587,82
B0DEMO0013,85,1633,84
B0DEMO0013,86,1480,85
B0DEMO0013,87,1358,86
B0DEMO0013,88,1511,87
B0DEMO0013,89,1422,89
B0DEMO0013,90,1487,91
B0DEMO0013,91,1584,92
B0DEMO0013,92,1642,93
B0DEMO0013,93,1526,94
B0DEMO0013,94,1507,96
B0DEMO0013,95,1406,97
B0DEMO0013,96,1378,98
B0DEMO0013,97,1544,100
B0DEMO0013,98,1394,101
B0DEMO0013,99,1605,103
B0DEMO0013,100,1367,105
B0DEMO0013,101,1377,107
B0DEMO0013,102,1485,108
B0DEMO0013,103,1421,109
B0DEMO0013,104,1392,110
B0DEMO0013,105,1445,112
B0DEMO0013,106,1449,113
B0DEMO0013,107,1313,115
B0DEMO0013,108,1287,117
B0DEMO0013,109,1462,118
B0DEMO0013,110,1354,119
B0DEMO0013,111,1336,121
B0DEMO0013,112,1308,122
B0DEMO0013,113,1352,124
B0DEMO0013,114,1451,125
B0DEMO0013,115,1300,127
B0DEMO0013,116,1288,129
B0DEMO0013,117,1394,130
B0DEMO0013,118,1291,132
B0DEMO0013,119,1382,133
B0DEMO0014,0,1685,1
B0DEMO0014,1,2184,4
B0DEMO0014,2,1845,5
B0DEMO0014,3,2070,6
B0DEMO0014,4,1867,8
B0DEMO0014,5,2302,11
B0DEMO0014,6,2006,12
B0DEMO0014,7,2343,14
B0DEMO0014,8,2040,15
B0DEMO0014,9,2020,17
B0DEMO0014,10,2311,19
B0DEMO0014,11,2077,21
B0DEMO0014,12,1989,23
B0DEMO0014,13,1853,25
B0DEMO0014,14,1964,28
B0DEMO0014,15,2042,29
B0DEMO0014,16,1978,31
B0DEMO0014,17,2127,33
B0DEMO0014,18,1609,35
B0DEMO0014,19,1846,37
B0DEMO0014,20,2088,38
B0DEMO0014,21,1792,41
B0DEMO0014,22,1745,43
B0DEMO0014,23,1815,46
B0DEMO0014,24,1907,49
B0DEMO0014,25,2005,52
B0DEMO0014,26,1778,54
B0DEMO0014,27,1924,55
B0DEMO0014,28,1922,56
B0DEMO0014,29,1614,59
B0DEMO0014,30,1640,61
B0DEMO0014,31,1548,65
B0DEMO0014,32,1841,66
B0DEMO0014,33,1460,68
B0DEMO0014,34,1501,71
B0DEMO0014,35,1587,73
B0DEMO0014,36,1496,75
B0DEMO0014,37,1669,76
B0DEMO0014,38,1392,80
B0DEMO0014,39,1374,83
B0DEMO0014,40,1988,85
B0DEMO0014,41,1459,88
B0DEMO0014,42,1646,90
B0DEMO0014,43,1353,94
B0DEMO0014,44,1246,96
B0DEMO0014,45,1302,100
B0DEMO0014,46,1302,103
B0DEMO0014,47,1481,106
B0DEMO0014,48,1205,109
B0DEMO0014,49,1285,113
B0DEMO0014,50,1240,117
B0DEMO0014,51,1325,119
B0DEMO0014,52,1192,122
B0DEMO0014,53,1343,126
B0DEMO0014,54,1316,128
B0DEMO0014,55,1120,130
B0DEMO0014,56,1183,134
B0DEMO0014,57,1228,136
B0DEMO0014,58,1106,140
B0DEMO0014,59,1117,145
B0DEMO0014,60,1172,148
B0DEMO0014,61,939,152
B0DEMO0014,62,978,157
B0DEMO0014,63,1061,161
B0DEMO0014,64,1015,166
B0DEMO0014,65,1001,168
B0DEMO0014,66,909,171
B0DEMO0014,67,957,177
B0DEMO0014,68,1008,179
B0DEMO0014,69,886,182
B0DEMO0014,70,904,186
B0DEMO0014,71,808,190
B0DEMO0014,72,1025,193
B0DEMO0014,73,867,198
B0DEMO0014,74,800,202
B0DEMO0014,75,939,207
B0DEMO0014,76,796,210
B0DEMO0014,77,738,215
B0DEMO0014,78,670,219
B0DEMO0014,79,820,224
B0DEMO0014,80,753,230
B0DEMO0014,81,816,236
B0DEMO0014,82,808,240
B0DEMO0014,83,835,247
B0DEMO0014,84,698,253
B0DEMO0014,85,716,259
B0DEMO0014,86,636,264
B0DEMO0014,87,732,271
B0DEMO0014,88,695,276
B0DEMO0014,89,630,283
B0DEMO0014,90,813,289
B0DEMO0014,91,615,297
B0DEMO0014,92,740,305
B0DEMO0014,93,621,311
B0DEMO0014,94,665,316
B0DEMO0014,95,689,320
B0DEMO0014,96,683,326
B0DEMO0014,97,601,335
B0DEMO0014,98,671,342
B0DEMO0014,99,596,349
B0DEMO0014,100,575,354
B0DEMO0014,101,589,358
B0DEMO0014,102,623,363
B0DEMO0014,103,617,367
B0DEMO0014,104,561,375
B0DEMO0014,105,553,382
B0DEMO0014,106,556,392
B0DEMO0014,107,555,401
B0DEMO0014,108,595,405
B0DEMO0014,109,607,413
B0DEMO0014,110,558,422
B0DEMO0014,111,530,431
B0DEMO0014,112,502,438
B0DEMO0014,113,625,447
B0DEMO0014,114,663,452
B0DEMO0014,115,701,456
B0DEMO0014,116,501,466
B0DEMO0014,117,694,473
B0DEMO0014,118,685,481
B0DEMO0014,119,492,488
B0DEMO0015,0,1932,1
B0DEMO0015,1,1901,3
B0DEMO0015,2,2062,4
B0DEMO0015,3,2088,7
B0DEMO0015,4,1762,8
B0DEMO0015,5,2213,11
B0DEMO0015,6,2021,12
B0DEMO0015,7,1864,14
B0DEMO0015,8,1876,17
B0DEMO0015,9,1746,18
B0DEMO0015,10,1839,20
B0DEMO0015,11,1934,23
B0DEMO0015,12,1735,24
B0DEMO0015,13,1954,27
B0DEMO0015,14,1966,29
B0DEMO0015,15,1653,32
B0DEMO0015,16,1681,34
B0DEMO0015,17,1837,37
B0DEMO0015,18,1872,38
B0DEMO0015,19,1738,41
B0DEMO0015,20,1943,43
B0DEMO0015,21,1946,45
B0DEMO0015,22,2048,47
B0DEMO0015,23,1713,50
B0DEMO0015,24,1991,53
B0DEMO0015,25,1910,56
B0DEMO0015,26,1536,59
B0DEMO0015,27,1708,60
B0DEMO0015,28,1512,64
B0DEMO0015,29,1730,65
B0DEMO0015,30,1678,68
B0DEMO0015,31,1462,71
B0DEMO0015,32,1797,73
B0DEMO0015,33,1411,76
B0DEMO0015,34,1546,79
B0DEMO0015,35,1326,82
B0DEMO0015,36,1415,85
B0DEMO0015,37,1551,87
B0DEMO0015,38,1623,90
B0DEMO0015,39,1422,92
B0DEMO0015,40,1657,94
B0DEMO0015,41,1540,97
B0DEMO0015,42,1709,99
B0DEMO0015,43,1457,102
B0DEMO0015,44,1249,106
B0DEMO0015,45,1379,109
B0DEMO0015,46,1378,113
B0DEMO0015,47,1300,116
B0DEMO0015,48,1589,118
B0DEMO0015,49,1285,122
B0DEMO0015,50,1176,125
B0DEMO0015,51,1293,128
B0DEMO0015,52,1218,130
B0DEMO0015,53,1209,134
B0DEMO0015,54,1249,138
B0DEMO0015,55,1142,143
B0DEMO0015,56,1165,145
B0DEMO0015,57,1107,149
B0DEMO0015,58,1319,153
B0DEMO0015,59,1344,156
B0DEMO0015,60,1283,159
B0DEMO0015,61,1086,163
B0DEMO0015,62,1385,166
B0DEMO0015,63,1151,171
B0DEMO0015,64,1025,175
B0DEMO0015,65,1105,178
B0DEMO0015,66,1044,184
B0DEMO0015,67,1084,188
B0DEMO0015,68,1070,192
B0DEMO0015,69,985,198
B0DEMO0015,70,1012,202
B0DEMO0015,71,1092,206
B0DEMO0015,72,922,210
B0DEMO0015,73,1004,213
B0DEMO0015,74,896,216
B0DEMO0015,75,1092,219
B0DEMO0015,76,1052,222
B0DEMO0015,77,1005,224
B0DEMO0015,78,925,228
B0DEMO0015,79,929,233
B0DEMO0015,80,870,239
B0DEMO0015,81,924,244
B0DEMO0015,82,1042,247
B0DEMO0015,83,890,250
B0DEMO0015,84,971,255
B0DEMO0015,85,894,259
B0DEMO0015,86,969,263
B0DEMO0015,87,889,267
B0DEMO0015,88,919,271
B0DEMO0015,89,752,277
B0DEMO0015,90,945,282
B0DEMO0015,91,816,287
B0DEMO0015,92,900,290
B0DEMO0015,93,772,296
B0DEMO0015,94,778,301
B0DEMO0015,95,754,306
B0DEMO0015,96,742,313
B0DEMO0015,97,906,318
B0DEMO0015,98,844,323
B0DEMO0015,99,684,327
B0DEMO0015,100,731,332
B0DEMO0015,101,876,336
B0DEMO0015,102,697,343
B0DEMO0015,103,713,350
B0DEMO0015,104,721,357
B0DEMO0015,105,812,361
B0DEMO0015,106,833,366
B0DEMO0015,107,805,370
B0DEMO0015,108,808,377
B0DEMO0015,109,748,383
B0DEMO0015,110,676,389
B0DEMO0015,111,667,394
B0DEMO0015,112,687,400
B0DEMO0015,113,721,407
B0DEMO0015,114,842,411
B0DEMO0015,115,817,416
B0DEMO0015,116,633,424
B0DEMO0015,117,738,428
B0DEMO0015,118,730,434
B0DEMO0015,119,675,439
B0DEMO0016,0,1867,2
B0DEMO0016,1,1800,5
B0DEMO0016,2,1994,8
B0DEMO0016,3,1902,10
B0DEMO0016,4,1861,12
B0DEMO0016,5,1956,14
B0DEMO0016,6,1871,16
B0DEMO0016,7,1845,17
B0DEMO0016,8,1541,20
B0DEMO0016,9,1922,22
B0DEMO0016,10,2201,24
B0DEMO0016,11,1921,25
B0DEMO0016,12,1632,27
B0DEMO0016,13,1682,30
B0DEMO0016,14,1626,33
B0DEMO0016,15,1617,35
B0DEMO0016,16,1717,38
B0DEMO0016,17,2042,40
B0DEMO0016,18,1724,42
B0DEMO0016,19,1748,44
B0DEMO0016,20,1710,46
B0DEMO0016,21,1587,48
B0DEMO0016,22,1902,50
B0DEMO0016,23,1677,52
B0DEMO0016,24,1727,55
B0DEMO0016,25,1620,56
B0DEMO0016,26,1557,60
B0DEMO0016,27,1635,63
B0DEMO0016,28,1505,66
B0DEMO0016,29,1882,68
B0DEMO0016,30,1572,70
B0DEMO0016,31,1522,73
B0DEMO0016,32,1521,75
B0DEMO0016,33,1921,76
B0DEMO0016,34,1474,79
B0DEMO0016,35,1469,83
B0DEMO0016,36,1367,86
B0DEMO0016,37,1458,89
B0DEMO0016,38,1484,91
B0DEMO0016,39,1457,93
B0DEMO0016,40,1440,95
B0DEMO0016,41,1549,97
B0DEMO0016,42,1305,100
B0DEMO0016,43,1257,103
B0DEMO0016,44,1432,106
B0DEMO0016,45,1449,109
B0DEMO0016,46,1487,111
B0DEMO0016,47,1317,114
B0DEMO0016,48,1388,118
B0DEMO0016,49,1308,122
B0DEMO0016,50,1336,124
B0DEMO0016,51,1511,126
B0DEMO0016,52,1446,130
B0DEMO0016,53,1320,133
B0DEMO0016,54,1302,137
B0DEMO0016,55,1157,140
B0DEMO0016,56,1148,143
B0DEMO0016,57,1239,146
B0DEMO0016,58,1191,149
B0DEMO0016,59,1361,152
B0DEMO0016,60,1187,155
B0DEMO0016,61,1228,159
B0DEMO0016,62,1405,162
B0DEMO0016,63,1315,164
B0DEMO0016,64,1169,168
B0DEMO0016,65,1034,171
B0DEMO0016,66,1085,174
B0DEMO0016,67,1072,178
B0DEMO0016,68,1062,183
B0DEMO0016,69,1049,186
B0DEMO0016,70,1017,191
B0DEMO0016,71,929,196
B0DEMO0016,72,1102,200
B0DEMO0016,73,1209,204
B0DEMO0016,74,1139,209
B0DEMO0016,75,936,214
B0DEMO0016,76,886,219
B0DEMO0016,77,1065,223
B0DEMO0016,78,1110,228
B0DEMO0016,79,1039,231
B0DEMO0016,80,1106,233
B0DEMO0016,81,984,236
B0DEMO0016,82,986,241
B0DEMO0016,83,955,246
B0DEMO0016,84,964,250
B0DEMO0016,85,983,253
B0DEMO0016,86,1055,257
B0DEMO0016,87,974,262
B0DEMO0016,88,972,267
B0DEMO0016,89,861,273
B0DEMO0016,90,825,276
B0DEMO0016,91,906,280
B0DEMO0016,92,850,284
B0DEMO0016,93,937,287
B0DEMO0016,94,870,290
B0DEMO0016,95,863,294
B0DEMO0016,96,848,300
B0DEMO0016,97,823,307
B0DEMO0016,98,841,313
B0DEMO0016,99,816,318
B0DEMO0016,100,868,322
B0DEMO0016,101,777,325
B0DEMO0016,102,769,331
B0DEMO0016,103,816,336
B0DEMO0016,104,779,343
B0DEMO0016,105,732,347
B0DEMO0016,106,777,353
B0DEMO0016,107,960,358
B0DEMO0016,108,716,362
B0DEMO0016,109,881,367
B0DEMO0016,110,831,371
B0DEMO0016,111,799,375
B0DEMO0016,112,809,379
B0DEMO0016,113,897,384
B0DEMO0016,114,822,389
B0DEMO0016,115,676,396
B0DEMO0016,116,759,401
B0DEMO0016,117,873,407
B0DEMO0016,118,745,414
B0DEMO0016,119,918,417
B0DEMO0017,0,870,0
B0DEMO0017,1,1010,1
B0DEMO0017,2,810,3
B0DEMO0017,3,845,3
B0DEMO0017,4,841,5
B0DEMO0017,5,940,6
B0DEMO0017,6,771,7
B0DEMO0017,7,817,9
B0DEMO0017,8,945,10
B0DEMO0017,9,923,11
B0DEMO0017,10,952,12
B0DEMO0017,11,894,13
B0DEMO0017,12,801,14
B0DEMO0017,13,986,15
B0DEMO0017,14,842,16
B0DEMO0017,15,1029,18
B0DEMO0017,16,926,19
B0DEMO0017,17,918,20
B0DEMO0017,18,988,21
B0DEMO0017,19,879,22
B0DEMO0017,20,948,23
B0DEMO0017,21,1036,24
B0DEMO0017,22,938,25
B0DEMO0017,23,996,26
B0DEMO0017,24,1017,27
B0DEMO0017,25,1055,28
B0DEMO0017,26,1017,29
B0DEMO0017,27,876,30
B0DEMO0017,28,923,32
B0DEMO0017,29,1025,33
B0DEMO0017,30,1090,34
B0DEMO0017,31,1084,34
B0DEMO0017,32,908,35
B0DEMO0017,33,1031,36
B0DEMO0017,34,975,38
B0DEMO0017,35,966,39
B0DEMO0017,36,1042,40
B0DEMO0017,37,1093,41
B0DEMO0017,38,1019,42
B0DEMO0017,39,1040,42
B0DEMO0017,40,908,43
B0DEMO0017,41,1068,44
B0DEMO0017,42,1124,45
B0DEMO0017,43,1144,47
B0DEMO0017,44,1209,47
B0DEMO0017,45,1070,48
B0DEMO0017,46,948,49
B0DEMO0017,47,1282,50
B0DEMO0017,48,1033,51
B0DEMO0017,49,1023,52
B0DEMO0017,50,1146,53
B0DEMO0017,51,1019,54
B0DEMO0017,52,1256,54
B0DEMO0017,53,1180,55
B0DEMO0017,54,1130,56
B0DEMO0017,55,1157,57
B0DEMO0017,56,1168,58
B0DEMO0017,57,1254,59
B0DEMO0017,58,1211,60
B0DEMO0017,59,1300,61
B0DEMO0017,60,1138,62
B0DEMO0017,61,1208,63
B0DEMO0017,62,1218,63
B0DEMO0017,63,1231,64
B0DEMO0017,64,1411,65
B0DEMO0017,65,1490,66
B0DEMO0017,66,1488,66
B0DEMO0017,67,1298,67
B0DEMO0017,68,1479,68
B0DEMO0017,69,1436,68
B0DEMO0017,70,1416,69
B0DEMO0017,71,1430,69
B0DEMO0017,72,1200,70
B0DEMO0017,73,1404,71
B0DEMO0017,74,1368,72
B0DEMO0017,75,1277,73
B0DEMO0017,76,1420,74
B0DEMO0017,77,1444,74
B0DEMO0017,78,1641,75
B0DEMO0017,79,1422,76
B0DEMO0017,80,1639,76
B0DEMO0017,81,1437,77
B0DEMO0017,82,1552,78
B0DEMO0017,83,1509,78
B0DEMO0017,84,1436,79
B0DEMO0017,85,1373,79
B0DEMO0017,86,1593,80
B0DEMO0017,87,1609,81
B0DEMO0017,88,1814,81
B0DEMO0017,89,1560,82
B0DEMO0017,90,1525,82
B0DEMO0017,91,1715,83
B0DEMO0017,92,1819,83
B0DEMO0017,93,1537,84
B0DEMO0017,94,1423,85
B0DEMO0017,95,1842,85
B0DEMO0017,96,1490,86
B0DEMO0017,97,1744,86
B0DEMO0017,98,1585,87
B0DEMO0017,99,1950,87
B0DEMO0017,100,1982,88
B0DEMO0017,101,1612,89
B0DEMO0017,102,1634,89
B0DEMO0017,103,1701,90
B0DEMO0017,104,1769,91
B0DEMO0017,105,2043,91
B0DEMO0017,106,1841,92
B0DEMO0017,107,1764,92
B0DEMO0017,108,1660,93
B0DEMO0017,109,1705,94
B0DEMO0017,110,1811,94
B0DEMO0017,111,1831,95
B0DEMO0017,112,1819,95
B0DEMO0017,113,1806,96
B0DEMO0017,114,1659,96
B0DEMO0017,115,1804,97
B0DEMO0017,116,1762,98
B0DEMO0017,117,1904,98
B0DEMO0017,118,1884,98
B0DEMO0017,119,1697,99
B0DEMO0018,0,583,1
B0DEMO0018,1,633,3
B0DEMO0018,2,603,5
B0DEMO0018,3,645,6
B0DEMO0018,4,600,8
B0DEMO0018,5,561,9
B0DEMO0018,6,572,11
B0DEMO0018,7,544,13
B0DEMO0018,8,580,15
B0DEMO0018,9,618,16
B0DEMO0018,10,594,19
B0DEMO0018,11,679,21
B0DEMO0018,12,610,23
B0DEMO0018,13,553,25
B0DEMO0018,14,597,27
B0DEMO0018,15,572,28
B0DEMO0018,16,714,29
B0DEMO0018,17,662,31
B0DEMO0018,18,601,32
B0DEMO0018,19,610,34
B0DEMO0018,20,697,35
B0DEMO0018,21,528,37
B0DEMO0018,22,652,39
B0DEMO0018,23,590,40
B0DEMO0018,24,591,42
B0DEMO0018,25,746,43
B0DEMO0018,26,695,45
B0DEMO0018,27,604,46
B0DEMO0018,28,649,47
B0DEMO0018,29,694,49
B0DEMO0018,30,672,51
B0DEMO0018,31,611,53
B0DEMO0018,32,610,54
B0DEMO0018,33,743,55
B0DEMO0018,34,741,56
B0DEMO0018,35,751,58
B0DEMO0018,36,598,60
B0DEMO0018,37,780,61
B0DEMO0018,38,776,62
B0DEMO0018,39,741,63
B0DEMO0018,40,806,64
B0DEMO0018,41,671,66
B0DEMO0018,42,725,67
B0DEMO0018,43,771,68
B0DEMO0018,44,720,69
B0DEMO0018,45,774,71
B0DEMO0018,46,890,72
B0DEMO0018,47,804,73
B0DEMO0018,48,787,75
B0DEMO0018,49,839,77
B0DEMO0018,50,747,78
B0DEMO0018,51,946,79
B0DEMO0018,52,869,80
B0DEMO0018,53,909,81
B0DEMO0018,54,848,83
B0DEMO0018,55,1075,84
B0DEMO0018,56,866,85
B0DEMO0018,57,941,86
B0DEMO0018,58,847,87
B0DEMO0018,59,960,89
B0DEMO0018,60,936,90
B0DEMO0018,61,877,91
B0DEMO0018,62,893,92
B0DEMO0018,63,1021,93
B0DEMO0018,64,804,94
B0DEMO0018,65,903,95
B0DEMO0018,66,950,96
B0DEMO0018,67,890,97
B0DEMO0018,68,1004,97
B0DEMO0018,69,905,98
B0DEMO0018,70,911,100
B0DEMO0018,71,1013,100
B0DEMO0018,72,1134,101
B0DEMO0018,73,1253,102
B0DEMO0018,74,1100,103
B0DEMO0018,75,1023,104
B0DEMO0018,76,1231,105
B0DEMO0018,77,1151,106
B0DEMO0018,78,1296,107
B0DEMO0018,79,1329,108
B0DEMO0018,80,1107,109
B0DEMO0018,81,1113,110
B0DEMO0018,82,1166,111
B0DEMO0018,83,1330,111
B0DEMO0018,84,1234,112
B0DEMO0018,85,1461,113
B0DEMO0018,86,1305,113
B0DEMO0018,87,1286,114
B0DEMO0018,88,1322,115
B0DEMO0018,89,1360,116
B0DEMO0018,90,1303,117
B0DEMO0018,91,1538,117
B0DEMO0018,92,1485,118
B0DEMO0018,93,1448,119
B0DEMO0018,94,1348,119
B0DEMO0018,95,1472,120
B0DEMO0018,96,1200,121
B0DEMO0018,97,1317,122
B0DEMO0018,98,1334,123
B0DEMO0018,99,1506,123
B0DEMO0018,100,1318,124
B0DEMO0018,101,1570,124
B0DEMO0018,102,1320,125
B0DEMO0018,103,1352,125
B0DEMO0018,104,1368,126
B0DEMO0018,105,1345,127
B0DEMO0018,106,1564,127
B0DEMO0018,107,1460,128
B0DEMO0018,108,1415,129
B0DEMO0018,109,1616,129
B0DEMO0018,110,1510,130
B0DEMO0018,111,1371,131
B0DEMO0018,112,1652,131
B0DEMO0018,113,1583,132
B0DEMO0018,114,1239,133
B0DEMO0018,115,1578,133
B0DEMO0018,116,1632,134
B0DEMO0018,117,1390,134
B0DEMO0018,118,1632,135
B0DEMO0018,119,1459,135
B0DEMO0019,0,747,1
B0DEMO0019,1,890,2
B0DEMO0019,2,841,3
B0DEMO0019,3,820,4
B0DEMO0019,4,816,5
B0DEMO0019,5,781,6
B0DEMO0019,6,811,8
B0DEMO0019,7,888,8
B0DEMO0019,8,782,10
B0DEMO0019,9,812,11
B0DEMO0019,10,867,13
B0DEMO0019,11,798,15
B0DEMO0019,12,823,16
B0DEMO0019,13,841,17
B0DEMO0019,14,949,18
B0DEMO0019,15,824,19
B0DEMO0019,16,717,21
B0DEMO0019,17,979,23
B0DEMO0019,18,856,24
B0DEMO0019,19,1108,25
B0DEMO0019,20,896,26
B0DEMO0019,21,979,27
B0DEMO0019,22,959,28
B0DEMO0019,23,934,29
B0DEMO0019,24,898,30
B0DEMO0019,25,955,31
B0DEMO0019,26,1068,32
B0DEMO0019,27,856,33
B0DEMO0019,28,968,34
B0DEMO0019,29,1012,34
B0DEMO0019,30,911,35
B0DEMO0019,31,832,37
B0DEMO0019,32,991,38
B0DEMO0019,33,996,39
B0DEMO0019,34,920,40
B0DEMO0019,35,1020,41
B0DEMO0019,36,1070,42
B0DEMO0019,37,1001,44
B0DEMO0019,38,1029,45
B0DEMO0019,39,970,46
B0DEMO0019,40,975,47
B0DEMO0019,41,1001,48
B0DEMO0019,42,1034,49
B0DEMO0019,43,915,50
B0DEMO0019,44,974,51
B0DEMO0019,45,1069,52
B0DEMO0019,46,1153,53
B0DEMO0019,47,1027,54
B0DEMO0019,48,1012,55
B0DEMO0019,49,953,56
B0DEMO0019,50,1164,58
B0DEMO0019,51,1218,58
B0DEMO0019,52,1098,60
B0DEMO0019,53,1216,61
B0DEMO0019,54,1086,62
B0DEMO0019,55,1055,63
B0DEMO0019,56,1299,64
B0DEMO0019,57,1120,64
B0DEMO0019,58,1243,65
B0DEMO0019,59,1203,66
B0DEMO0019,60,1249,67
B0DEMO0019,61,1293,67
B0DEMO0019,62,1293,68
B0DEMO0019,63,1287,69
B0DEMO0019,64,1175,70
B0DEMO0019,65,1358,71
B0DEMO0019,66,1193,71
B0DEMO0019,67,1188,72
B0DEMO0019,68,1407,72
B0DEMO0019,69,1182,73
B0DEMO0019,70,1398,73
B0DEMO0019,71,1320,74
B0DEMO0019,72,1305,75
B0DEMO0019,73,1252,76
B0DEMO0019,74,1514,77
B0DEMO0019,75,1395,77
B0DEMO0019,76,1243,78
B0DEMO0019,77,1327,79
B0DEMO0019,78,1252,80
B0DEMO0019,79,1408,81
B0DEMO0019,80,1318,82
B0DEMO0019,81,1395,83
B0DEMO0019,82,1225,83
B0DEMO0019,83,1492,84
B0DEMO0019,84,1280,85
B0DEMO0019,85,1338,85
B0DEMO0019,86,1558,86
B0DEMO0019,87,1619,87
B0DEMO0019,88,1303,87
B0DEMO0019,89,1583,88
B0DEMO0019,90,1397,88
B0DEMO0019,91,1497,89
B0DEMO0019,92,1566,90
B0DEMO0019,93,1413,90
B0DEMO0019,94,1535,91
B0DEMO0019,95,1332,91
B0DEMO0019,96,1495,92
B0DEMO0019,97,1509,93
B0DEMO0019,98,1518,93
B0DEMO0019,99,1531,94
B0DEMO0019,100,1958,95
B0DEMO0019,101,1760,95
B0DEMO0019,102,1666,96
B0DEMO0019,103,1562,96
B0DEMO0019,104,1555,97
B0DEMO0019,105,1458,98
B0DEMO0019,106,1719,98
B0DEMO0019,107,1755,99
B0DEMO0019,108,1572,100
B0DEMO0019,109,1738,101
B0DEMO0019,110,1848,101
B0DEMO0019,111,1798,102
B0DEMO0019,112,2021,102
B0DEMO0019,113,1777,103
B0DEMO0019,114,1706,104
B0DEMO0019,115,1725,104
B0DEMO0019,116,1766,105
B0DEMO0019,117,1753,106
B0DEMO0019,118,1900,106
B0DEMO0019,119,1737,107
B0DEMO0020,0,715,1
B0DEMO0020,1,695,2
B0DEMO0020,2,639,3
B0DEMO0020,3,569,5
B0DEMO0020,4,830,6
B0DEMO0020,5,711,7
B0DEMO0020,6,707,9
B0DEMO0020,7,719,11
B0DEMO0020,8,644,13
B0DEMO0020,9,778,14
B0DEMO0020,10,769,15
B0DEMO0020,11,783,16
B0DEMO0020,12,650,18
B0DEMO0020,13,759,19
B0DEMO0020,14,703,20
B0DEMO0020,15,736,21
B0DEMO0020,16,703,23
B0DEMO0020,17,795,24
B0DEMO0020,18,727,26
B0DEMO0020,19,671,27
B0DEMO0020,20,728,28
B0DEMO0020,21,776,30
B0DEMO0020,22,714,31
B0DEMO0020,23,831,33
B0DEMO0020,24,609,35
B0DEMO0020,25,713,36
B0DEMO0020,26,749,38
B0DEMO0020,27,793,39
B0DEMO0020,28,798,41
B0DEMO0020,29,882,42
B0DEMO0020,30,783,42
B0DEMO0020,31,747,44
B0DEMO0020,32,882,45
B0DEMO0020,33,880,46
B0DEMO0020,34,812,48
B0DEMO0020,35,881,48
B0DEMO0020,36,800,49
B0DEMO0020,37,948,50
B0DEMO0020,38,873,52
B0DEMO0020,39,834,53
B0DEMO0020,40,809,54
B0DEMO0020,41,1004,55
B0DEMO0020,42,931,57
B0DEMO0020,43,814,58
B0DEMO0020,44,771,60
B0DEMO0020,45,984,60
B0DEMO0020,46,941,61
B0DEMO0020,47,1058,62
B0DEMO0020,48,1017,63
B0DEMO0020,49,1063,64
B0DEMO0020,50,1078,65
B0DEMO0020,51,1040,66
B0DEMO0020,52,986,67
B0DEMO0020,53,1107,68
B0DEMO0020,54,1094,69
B0DEMO0020,55,1139,69
B0DEMO0020,56,1001,70
B0DEMO0020,57,1104,71
B0DEMO0020,58,1062,72
B0DEMO0020,59,982,73
B0DEMO0020,60,985,74
B0DEMO0020,61,1081,75
B0DEMO0020,62,1074,76
B0DEMO0020,63,1029,77
B0DEMO0020,64,966,78
B0DEMO0020,65,1066,78
B0DEMO0020,66,1005,79
B0DEMO0020,67,1091,80
B0DEMO0020,68,1288,81
B0DEMO0020,69,1143,82
B0DEMO0020,70,1116,83
B0DEMO0020,71,1094,84
B0DEMO0020,72,1281,85
B0DEMO0020,73,1129,86
B0DEMO0020,74,1201,86
B0DEMO0020,75,1248,87
B0DEMO0020,76,1270,88
B0DEMO0020,77,1388,89
B0DEMO0020,78,1230,90
B0DEMO0020,79,1372,90
B0DEMO0020,80,1302,91
B0DEMO0020,81,1263,92
B0DEMO0020,82,1208,93
B0DEMO0020,83,1174,94
B0DEMO0020,84,1394,95
B0DEMO0020,85,1266,96
B0DEMO0020,86,1398,97
B0DEMO0020,87,1394,97
B0DEMO0020,88,1428,98
B0DEMO0020,89,1287,99
B0DEMO0020,90,1502,100
B0DEMO0020,91,1359,101
B0DEMO0020,92,1326,102
B0DEMO0020,93,1178,102
B0DEMO0020,94,1260,103
B0DEMO0020,95,1426,103
B0DEMO0020,96,1485,104
B0DEMO0020,97,1468,105
B0DEMO0020,98,1587,106
B0DEMO0020,99,1413,106
B0DEMO0020,100,1443,107
B0DEMO0020,101,1426,108
B0DEMO0020,102,1556,108
B0DEMO0020,103,1425,109
B0DEMO0020,104,1295,110
B0DEMO0020,105,1496,111
B0DEMO0020,106,1680,111
B0DEMO0020,107,1515,112
B0DEMO0020,108,1438,113
B0DEMO0020,109,1587,114
B0DEMO0020,110,1882,114
B0DEMO0020,111,1503,115
B0DEMO0020,112,1508,115
B0DEMO0020,113,1561,116
B0DEMO0020,114,1515,117
B0DEMO0020,115,1648,118
B0DEMO0020,116,1945,118
B0DEMO0020,117,1525,119
B0DEMO0020,118,1833,119
B0DEMO0020,119,1427,120
B0DEMO0021,0,534,1
B0DEMO0021,1,661,2
B0DEMO0021,2,718,3
B0DEMO0021,3,569,6
B0DEMO0021,4,669,7
B0DEMO0021,5,656,8
B0DEMO0021,6,586,10
B0DEMO0021,7,572,12
B0DEMO0021,8,678,13
B0DEMO0021,9,711,14
B0DEMO0021,10,708,15
B0DEMO0021,11,684,17
B0DEMO0021,12,627,18
B0DEMO0021,13,627,20
B0DEMO0021,14,623,21
B0DEMO0021,15,572,23
B0DEMO0021,16,725,25
B0DEMO0021,17,641,27
B0DEMO0021,18,692,28
B0DEMO0021,19,717,30
B0DEMO0021,20,693,32
B0DEMO0021,21,673,33
B0DEMO0021,22,615,35
B0DEMO0021,23,772,36
B0DEMO0021,24,696,37
B0DEMO0021,25,654,38
B0DEMO0021,26,742,39
B0DEMO0021,27,765,41
B0DEMO0021,28,737,42
B0DEMO0021,29,710,44
B0DEMO0021,30,682,46
B0DEMO0021,31,575,48
B0DEMO0021,32,700,49
B0DEMO0021,33,749,50
B0DEMO0021,34,845,52
B0DEMO0021,35,640,53
B0DEMO0021,36,834,55
B0DEMO0021,37,735,55
B0DEMO0021,38,811,57
B0DEMO0021,39,749,58
B0DEMO0021,40,648,60
B0DEMO0021,41,756,62
B0DEMO0021,42,707,62
B0DEMO0021,43,723,63
B0DEMO0021,44,792,65
B0DEMO0021,45,874,66
B0DEMO0021,46,723,67
B0DEMO0021,47,811,69
B0DEMO0021,48,792,70
B0DEMO0021,49,800,71
B0DEMO0021,50,850,72
B0DEMO0021,51,783,73
B0DEMO0021,52,744,74
B0DEMO0021,53,747,75
B0DEMO0021,54,849,77
B0DEMO0021,55,888,78
B0DEMO0021,56,914,79
B0DEMO0021,57,881,80
B0DEMO0021,58,878,81
B0DEMO0021,59,888,82
B0DEMO0021,60,801,84
B0DEMO0021,61,844,85
B0DEMO0021,62,881,86
B0DEMO0021,63,931,87
B0DEMO0021,64,1110,88
B0DEMO0021,65,1080,88
B0DEMO0021,66,959,89
B0DEMO0021,67,988,90
B0DEMO0021,68,882,91
B0DEMO0021,69,855,92
B0DEMO0021,70,873,94
B0DEMO0021,71,923,95
B0DEMO0021,72,1108,95
B0DEMO0021,73,954,96
B0DEMO0021,74,975,98
B0DEMO0021,75,1013,99
B0DEMO0021,76,1013,100
B0DEMO0021,77,944,101
B0DEMO0021,78,1148,101
B0DEMO0021,79,940,103
B0DEMO0021,80,1044,104
B0DEMO0021,81,894,105
B0DEMO0021,82,1141,106
B0DEMO0021,83,1097,107
B0DEMO0021,84,1194,107
B0DEMO0021,85,1198,108
B0DEMO0021,86,1038,109
B0DEMO0021,87,1169,110
B0DEMO0021,88,1110,110
B0DEMO0021,89,1162,112
B0DEMO0021,90,1222,113
B0DEMO0021,91,1158,113
B0DEMO0021,92,1237,114
B0DEMO0021,93,1114,115
B0DEMO0021,94,1266,116
B0DEMO0021,95,1221,117
B0DEMO0021,96,1026,118
B0DEMO0021,97,1058,119
B0DEMO0021,98,1133,120
B0DEMO0021,99,1074,120
B0DEMO0021,100,1213,121
B0DEMO0021,101,1117,122
B0DEMO0021,102,1068,123
B0DEMO0021,103,1126,124
B0DEMO0021,104,1313,125
B0DEMO0021,105,1137,125
B0DEMO0021,106,1052,126
B0DEMO0021,107,1205,127
B0DEMO0021,108,1042,128
B0DEMO0021,109,1211,129
B0DEMO0021,110,1265,129
B0DEMO0021,111,1168,130
B0DEMO0021,112,1200,131
B0DEMO0021,113,1282,132
B0DEMO0021,114,1303,133
B0DEMO0021,115,1298,134
B0DEMO0021,116,1270,135
B0DEMO0021,117,1080,135
B0DEMO0021,118,1261,136
B0DEMO0021,119,1362,137
B0DEMO0022,0,773,1
B0DEMO0022,1,735,2
B0DEMO0022,2,768,4
B0DEMO0022,3,748,5
B0DEMO0022,4,685,7
B0DEMO0022,5,611,8
B0DEMO0022,6,662,9
B0DEMO0022,7,659,10
B0DEMO0022,8,673,12
B0DEMO0022,9,742,13
B0DEMO0022,10,706,15
B0DEMO0022,11,761,16
B0DEMO0022,12,734,17
B0DEMO0022,13,631,19
B0DEMO0022,14,859,20
B0DEMO0022,15,800,21
B0DEMO0022,16,744,22
B0DEMO0022,17,667,23
B0DEMO0022,18,836,25
B0DEMO0022,19,806,26
B0DEMO0022,20,739,28
B0DEMO0022,21,725,29
B0DEMO0022,22,722,30
B0DEMO0022,23,842,31
B0DEMO0022,24,767,33
B0DEMO0022,25,698,35
B0DEMO0022,26,800,36
B0DEMO0022,27,759,38
B0DEMO0022,28,813,39
B0DEMO0022,29,749,41
B0DEMO0022,30,757,42
B0DEMO0022,31,817,44
B0DEMO0022,32,841,45
B0DEMO0022,33,767,46
B0DEMO0022,34,837,47
B0DEMO0022,35,761,48
B0DEMO0022,36,785,49
B0DEMO0022,37,815,50
B0DEMO0022,38,877,52
B0DEMO0022,39,874,53
B0DEMO0022,40,859,54
B0DEMO0022,41,790,55
B0DEMO0022,42,789,56
B0DEMO0022,43,919,57
B0DEMO0022,44,783,58
B0DEMO0022,45,852,59
B0DEMO0022,46,853,60
B0DEMO0022,47,835,62
B0DEMO0022,48,847,63
B0DEMO0022,49,869,64
B0DEMO0022,50,859,65
B0DEMO0022,51,968,67
B0DEMO0022,52,852,68
B0DEMO0022,53,874,69
B0DEMO0022,54,910,70
B0DEMO0022,55,959,71
B0DEMO0022,56,894,73
B0DEMO0022,57,930,73
B0DEMO0022,58,964,75
B0DEMO0022,59,1059,76
B0DEMO0022,60,772,77
B0DEMO0022,61,1047,78
B0DEMO0022,62,898,79
B0DEMO0022,63,938,80
B0DEMO0022,64,957,82
B0DEMO0022,65,936,83
B0DEMO0022,66,926,84
B0DEMO0022,67,886,85
B0DEMO0022,68,965,86
B0DEMO0022,69,868,87
B0DEMO0022,70,1099,88
B0DEMO0022,71,1096,89
B0DEMO0022,72,1011,90
B0DEMO0022,73,1068,91
B0DEMO0022,74,976,92
B0DEMO0022,75,1072,93
B0DEMO0022,76,964,94
B0DEMO0022,77,1127,95
B0DEMO0022,78,1023,96
B0DEMO0022,79,973,97
B0DEMO0022,80,1114,98
B0DEMO0022,81,1020,99
B0DEMO0022,82,1075,100
B0DEMO0022,83,1076,101
B0DEMO0022,84,1117,102
B0DEMO0022,85,1162,103
B0DEMO0022,86,996,104
B0DEMO0022,87,1055,104
B0DEMO0022,88,1189,105
B0DEMO0022,89,1004,106
B0DEMO0022,90,1092,106
B0DEMO0022,91,1067,108
B0DEMO0022,92,1123,108
B0DEMO0022,93,1292,109
B0DEMO0022,94,1108,110
B0DEMO0022,95,1192,111
B0DEMO0022,96,1235,112
B0DEMO0022,97,1127,113
B0DEMO0022,98,1227,114
B0DEMO0022,99,1061,115
B0DEMO0022,100,1409,116
B0DEMO0022,101,1094,116
B0DEMO0022,102,1162,117
B0DEMO0022,103,1015,118
B0DEMO0022,104,1347,119
B0DEMO0022,105,1208,119
B0DEMO0022,106,1133,120
B0DEMO0022,107,1149,121
B0DEMO0022,108,1341,122
B0DEMO0022,109,1080,123
B0DEMO0022,110,1443,124
B0DEMO0022,111,1317,125
B0DEMO0022,112,1239,126
B0DEMO0022,113,1236,127
B0DEMO0022,114,1007,128
B0DEMO0022,115,1142,129
B0DEMO0022,116,1304,129
B0DEMO0022,117,1293,130
B0DEMO0022,118,1349,131
B0DEMO0022,119,1262,132
B0DEMO0023,0,1200,0
B0DEMO0023,1,1236,1
B0DEMO0023,2,1105,2
B0DEMO0023,3,1306,3
B0DEMO0023,4,1153,4
B0DEMO0023,5,1042,5
B0DEMO0023,6,1049,6
B0DEMO0023,7,1251,7
B0DEMO0023,8,1097,8
B0DEMO0023,9,1153,9
B0DEMO0023,10,1153,10
B0DEMO0023,11,1131,10
B0DEMO0023,12,1233,11
B0DEMO0023,13,1094,12
B0DEMO0023,14,1039,13
B0DEMO0023,15,942,14
B0DEMO0023,16,1119,15
B0DEMO0023,17,1104,15
B0DEMO0023,18,1241,16
B0DEMO0023,19,1060,17
B0DEMO0023,20,1214,18
B0DEMO0023,21,1089,19
B0DEMO0023,22,1276,20
B0DEMO0023,23,1025,21
B0DEMO0023,24,1070,22
B0DEMO0023,25,1162,23
B0DEMO0023,26,1207,23
B0DEMO0023,27,1170,24
B0DEMO0023,28,979,25
B0DEMO0023,29,1184,26
B0DEMO0023,30,1080,27
B0DEMO0023,31,945,28
B0DEMO0023,32,1026,29
B0DEMO0023,33,1039,30
B0DEMO0023,34,998,31
B0DEMO0023,35,1176,32
B0DEMO0023,36,1101,33
B0DEMO0023,37,1151,33
B0DEMO0023,38,975,34
B0DEMO0023,39,911,35
B0DEMO0023,40,1075,36
B0DEMO0023,41,1034,37
B0DEMO0023,42,1100,38
B0DEMO0023,43,1078,39
B0DEMO0023,44,1030,40
B0DEMO0023,45,1079,41
B0DEMO0023,46,1014,42
B0DEMO0023,47,1019,43
B0DEMO0023,48,1169,44
B0DEMO0023,49,1101,45
B0DEMO0023,50,908,46
B0DEMO0023,51,866,47
B0DEMO0023,52,1090,48
B0DEMO0023,53,940,49
B0DEMO0023,54,958,50
B0DEMO0023,55,927,51
B0DEMO0023,56,984,52
B0DEMO0023,57,923,53
B0DEMO0023,58,863,54
B0DEMO0023,59,818,54
B0DEMO0023,60,776,55
B0DEMO0023,61,859,57
B0DEMO0023,62,1025,58
B0DEMO0023,63,858,59
B0DEMO0023,64,919,60
B0DEMO0023,65,1002,61
B0DEMO0023,66,1012,62
B0DEMO0023,67,867,63
B0DEMO0023,68,955,64
B0DEMO0023,69,871,65
B0DEMO0023,70,765,67
B0DEMO0023,71,959,68
B0DEMO0023,72,892,69
B0DEMO0023,73,820,71
B0DEMO0023,74,890,72
B0DEMO0023,75,895,73
B0DEMO0023,76,879,75
B0DEMO0023,77,799,76
B0DEMO0023,78,847,77
B0DEMO0023,79,877,78
B0DEMO0023,80,905,80
B0DEMO0023,81,833,81
B0DEMO0023,82,774,82
B0DEMO0023,83,869,83
B0DEMO0023,84,924,84
B0DEMO0023,85,795,85
B0DEMO0023,86,864,86
B0DEMO0023,87,899,87
B0DEMO0023,88,896,89
B0DEMO0023,89,913,90
B0DEMO0023,90,836,91
B0DEMO0023,91,911,92
B0DEMO0023,92,904,93
B0DEMO0023,93,756,94
B0DEMO0023,94,826,96
B0DEMO0023,95,818,97
B0DEMO0023,96,757,98
B0DEMO0023,97,777,99
B0DEMO0023,98,677,100
B0DEMO0023,99,839,101
B0DEMO0023,100,846,102
B0DEMO0023,101,865,103
B0DEMO0023,102,876,105
B0DEMO0023,103,748,106
B0DEMO0023,104,773,107
B0DEMO0023,105,884,109
B0DEMO0023,106,850,110
B0DEMO0023,107,733,111
B0DEMO0023,108,643,113
B0DEMO0023,109,761,114
B0DEMO0023,110,711,116
B0DEMO0023,111,777,117
B0DEMO0023,112,835,119
B0DEMO0023,113,687,120
B0DEMO0023,114,788,121
B0DEMO0023,115,699,122
B0DEMO0023,116,939,123
B0DEMO0023,117,773,125
B0DEMO0023,118,799,126
B0DEMO0023,119,707,128
B0DEMO0024,0,1149,0
B0DEMO0024,1,1159,1
B0DEMO0024,2,1420,2
B0DEMO0024,3,1281,3
B0DEMO0024,4,1158,3
B0DEMO0024,5,1324,4
B0DEMO0024,6,1300,5
B0DEMO0024,7,1325,6
B0DEMO0024,8,1337,7
B0DEMO0024,9,1330,7
B0DEMO0024,10,1424,8
B0DEMO0024,11,1115,9
B0DEMO0024,12,1232,10
B0DEMO0024,13,1292,11
B0DEMO0024,14,1322,12
B0DEMO0024,15,1275,12
B0DEMO0024,16,1245,13
B0DEMO0024,17,1346,14
B0DEMO0024,18,1290,15
B0DEMO0024,19,1442,15
B0DEMO0024,20,1382,16
B0DEMO0024,21,1221,16
B0DEMO0024,22,1318,17
B0DEMO0024,23,1312,18
B0DEMO0024,24,1233,19
B0DEMO0024,25,1277,20
B0DEMO0024,26,1419,21
B0DEMO0024,27,1313,21
B0DEMO0024,28,1361,22
B0DEMO0024,29,1324,23
B0DEMO0024,30,1169,24
B0DEMO0024,31,1338,24
B0DEMO0024,32,1149,25
B0DEMO0024,33,1376,26
B0DEMO0024,34,1352,27
B0DEMO0024,35,1246,28
B0DEMO0024,36,1349,29
B0DEMO0024,37,1338,30
B0DEMO0024,38,1299,31
B0DEMO0024,39,1401,31
B0DEMO0024,40,1359,32
B0DEMO0024,41,1514,33
B0DEMO0024,42,1418,33
B0DEMO0024,43,1352,34
B0DEMO0024,44,1398,35
B0DEMO0024,45,1327,36
B0DEMO0024,46,1320,36
B0DEMO0024,47,1435,37
B0DEMO0024,48,1334,38
B0DEMO0024,49,1382,39
B0DEMO0024,50,1225,40
B0DEMO0024,51,1307,40
B0DEMO0024,52,1239,41
B0DEMO0024,53,1354,42
B0DEMO0024,54,1275,43
B0DEMO0024,55,1312,44
B0DEMO0024,56,1215,45
B0DEMO0024,57,1254,46
B0DEMO0024,58,1380,46
B0DEMO0024,59,1365,47
B0DEMO0024,60,1145,48
B0DEMO0024,61,1377,49
B0DEMO0024,62,1305,49
B0DEMO0024,63,1376,50
B0DEMO0024,64,1394,50
B0DEMO0024,65,1450,51
B0DEMO0024,66,1521,51
B0DEMO0024,67,1224,52
B0DEMO0024,68,1178,53
B0DEMO0024,69,1228,54
B0DEMO0024,70,1301,54
B0DEMO0024,71,1397,55
B0DEMO0024,72,1100,56
B0DEMO0024,73,1260,57
B0DEMO0024,74,1312,58
B0DEMO0024,75,1407,59
B0DEMO0024,76,1270,59
B0DEMO0024,77,1291,60
B0DEMO0024,78,1112,60
B0DEMO0024,79,1382,61
B0DEMO0024,80,1289,62
B0DEMO0024,81,1402,63
B0DEMO0024,82,1328,64
B0DEMO0024,83,1542,64
B0DEMO0024,84,1521,65
B0DEMO0024,85,1213,66
B0DEMO0024,86,1376,67
B0DEMO0024,87,1224,68
B0DEMO0024,88,1631,68
B0DEMO0024,89,1376,69
B0DEMO0024,90,1274,70
B0DEMO0024,91,1171,71
B0DEMO0024,92,1198,72
B0DEMO0024,93,1334,72
B0DEMO0024,94,1346,73
B0DEMO0024,95,1146,74
B0DEMO0024,96,1388,75
B0DEMO0024,97,1358,75
B0DEMO0024,98,1444,76
B0DEMO0024,99,1375,77
B0DEMO0024,100,1250,77
B0DEMO0024,101,1191,78
B0DEMO0024,102,1305,79
B0DEMO0024,103,1384,80
B0DEMO0024,104,1312,81
B0DEMO0024,105,1728,81
B0DEMO0024,106,1447,82
B0DEMO0024,107,1301,82
B0DEMO0024,108,1347,83
B0DEMO0024,109,1386,84
B0DEMO0024,110,1168,85
B0DEMO0024,111,1229,86
B0DEMO0024,112,1404,87
B0DEMO0024,113,1269,87
B0DEMO0024,114,1393,88
B0DEMO0024,115,1414,89
B0DEMO0024,116,1371,89
B0DEMO0024,117,1492,90
B0DEMO0024,118,1178,91
B0DEMO0024,119,1176,92
B0DEMO0025,0,1302,0
B0DEMO0025,1,1301,1
B0DEMO0025,2,1454,1
B0DEMO0025,3,1213,2
B0DEMO0025,4,1527,3
B0DEMO0025,5,1210,4
B0DEMO0025,6,1443,4
B0DEMO0025,7,1529,5
B0DEMO0025,8,1169,6
B0DEMO0025,9,1246,7
B0DEMO0025,10,1228,7
B0DEMO0025,11,1211,8
B0DEMO0025,12,1510,9
B0DEMO0025,13,1121,9
B0DEMO0025,14,1282,10
B0DEMO0025,15,984,11
B0DEMO0025,16,1182,12
B0DEMO0025,17,1120,13
B0DEMO0025,18,1236,14
B0DEMO0025,19,1057,14
B0DEMO0025,20,1237,15
B0DEMO0025,21,1303,16
B0DEMO0025,22,1230,17
B0DEMO0025,23,1260,18
B0DEMO0025,24,1232,19
B0DEMO0025,25,1207,19
B0DEMO0025,26,1394,20
B0DEMO0025,27,1268,21
B0DEMO0025,28,1261,21
B0DEMO0025,29,1337,22
B0DEMO0025,30,1177,23
B0DEMO0025,31,1362,24
B0DEMO0025,32,1274,24
B0DEMO0025,33,1349,25
B0DEMO0025,34,1260,26
B0DEMO0025,35,1071,27
B0DEMO0025,36,1235,27
B0DEMO0025,37,1257,28
B0DEMO0025,38,1304,29
B0DEMO0025,39,1099,30
B0DEMO0025,40,1493,31
B0DEMO0025,41,1139,32
B0DEMO0025,42,1118,33
B0DEMO0025,43,1270,34
B0DEMO0025,44,1108,35
B0DEMO0025,45,1126,36
B0DEMO0025,46,1330,37
B0DEMO0025,47,1236,38
B0DEMO0025,48,1069,39
B0DEMO0025,49,1273,39
B0DEMO0025,50,1096,40
B0DEMO0025,51,1215,41
B0DEMO0025,52,1259,42
B0DEMO0025,53,1173,42
B0DEMO0025,54,1127,43
B0DEMO0025,55,1258,44
B0DEMO0025,56,1098,45
B0DEMO0025,57,1129,46
B0DEMO0025,58,1271,47
B0DEMO0025,59,1053,48
B0DEMO0025,60,1061,49
B0DEMO0025,61,1191,49
B0DEMO0025,62,1215,50
B0DEMO0025,63,1266,51
B0DEMO0025,64,1253,52
B0DEMO0025,65,1042,53
B0DEMO0025,66,986,53
B0DEMO0025,67,1211,55
B0DEMO0025,68,1077,55
B0DEMO0025,69,1085,57
B0DEMO0025,70,1027,57
B0DEMO0025,71,1388,58
B0DEMO0025,72,1028,59
B0DEMO0025,73,1089,60
B0DEMO0025,74,1211,60
B0DEMO0025,75,1048,61
B0DEMO0025,76,1085,62
B0DEMO0025,77,1096,63
B0DEMO0025,78,1043,64
B0DEMO0025,79,1032,65
B0DEMO0025,80,1125,66
B0DEMO0025,81,1167,66
B0DEMO0025,82,915,67
B0DEMO0025,83,997,68
B0DEMO0025,84,1122,68
B0DEMO0025,85,1232,69
B0DEMO0025,86,1041,70
B0DEMO0025,87,1163,71
B0DEMO0025,88,1092,72
B0DEMO0025,89,995,72
B0DEMO0025,90,974,73
B0DEMO0025,91,1004,74
B0DEMO0025,92,1047,75
B0DEMO0025,93,991,76
B0DEMO0025,94,1059,77
B0DEMO0025,95,999,78
B0DEMO0025,96,1007,80
B0DEMO0025,97,1161,81
B0DEMO0025,98,1012,82
B0DEMO0025,99,1006,82
B0DEMO0025,100,1002,83
B0DEMO0025,101,977,85
B0DEMO0025,102,1113,86
B0DEMO0025,103,1207,87
B0DEMO0025,104,1018,88
B0DEMO0025,105,1013,89
B0DEMO0025,106,1036,90
B0DEMO0025,107,935,90
B0DEMO0025,108,1140,91
B0DEMO0025,109,1004,93
B0DEMO0025,110,965,94
B0DEMO0025,111,1097,95
B0DEMO0025,112,966,96
B0DEMO0025,113,1046,97
B0DEMO0025,114,938,98
B0DEMO0025,115,836,100
B0DEMO0025,116,1053,100
B0DEMO0025,117,951,102
B0DEMO0025,118,1018,103
B0DEMO0025,119,1005,104
B0DEMO0026,0,2009,0
B0DEMO0026,1,2254,1
B0DEMO0026,2,2046,2
B0DEMO0026,3,2209,3
B0DEMO0026,4,2136,4
B0DEMO0026,5,2489,4
B0DEMO0026,6,2379,5
B0DEMO0026,7,2291,6
B0DEMO0026,8,2042,6
B0DEMO0026,9,2306,7
B0DEMO0026,10,2144,8
B0DEMO0026,11,1912,9
B0DEMO0026,12,2218,10
B0DEMO0026,13,2040,10
B0DEMO0026,14,1755,11
B0DEMO0026,15,2407,12
B0DEMO0026,16,1829,13
B0DEMO0026,17,2245,14
B0DEMO0026,18,2334,14
B0DEMO0026,19,1895,15
B0DEMO0026,20,2208,16
B0DEMO0026,21,1985,17
B0DEMO0026,22,2286,17
B0DEMO0026,23,2033,18
B0DEMO0026,24,1924,19
B0DEMO0026,25,1847,20
B0DEMO0026,26,1746,21
B0DEMO0026,27,1918,21
B0DEMO0026,28,2051,22
B0DEMO0026,29,2025,23
B0DEMO0026,30,1764,24
B0DEMO0026,31,1530,26
B0DEMO0026,32,1849,27
B0DEMO0026,33,1561,28
B0DEMO0026,34,1900,28
B0DEMO0026,35,1937,30
B0DEMO0026,36,1825,30
B0DEMO0026,37,1869,31
B0DEMO0026,38,1840,33
B0DEMO0026,39,1626,34
B0DEMO0026,40,1737,35
B0DEMO0026,41,1852,36
B0DEMO0026,42,1470,37
B0DEMO0026,43,1668,38
B0DEMO0026,44,1666,39
B0DEMO0026,45,1465,40
B0DEMO0026,46,1621,41
B0DEMO0026,47,1380,43
B0DEMO0026,48,1690,44
B0DEMO0026,49,1517,46
B0DEMO0026,50,1396,47
B0DEMO0026,51,1284,48
B0DEMO0026,52,1654,49
B0DEMO0026,53,1475,51
B0DEMO0026,54,1549,52
B0DEMO0026,55,1557,53
B0DEMO0026,56,1533,54
B0DEMO0026,57,1512,55
B0DEMO0026,58,1433,56
B0DEMO0026,59,1673,57
B0DEMO0026,60,1555,58
B0DEMO0026,61,1384,60
B0DEMO0026,62,1397,61
B0DEMO0026,63,1215,62
B0DEMO0026,64,1370,63
B0DEMO0026,65,1299,65
B0DEMO0026,66,1203,66
B0DEMO0026,67,1205,68
B0DEMO0026,68,1199,70
B0DEMO0026,69,1366,71
B0DEMO0026,70,1224,72
B0DEMO0026,71,1068,74
B0DEMO0026,72,1083,76
B0DEMO0026,73,1160,78
B0DEMO0026,74,1088,80
B0DEMO0026,75,1164,81
B0DEMO0026,76,1033,83
B0DEMO0026,77,1124,85
B0DEMO0026,78,965,88
B0DEMO0026,79,1058,90
B0DEMO0026,80,1072,92
B0DEMO0026,81,1072,94
B0DEMO0026,82,1088,95
B0DEMO0026,83,826,97
B0DEMO0026,84,1075,99
B0DEMO0026,85,1005,100
B0DEMO0026,86,882,103
B0DEMO0026,87,1064,105
B0DEMO0026,88,984,107
B0DEMO0026,89,1003,109
B0DEMO0026,90,1039,111
B0DEMO0026,91,1087,113
B0DEMO0026,92,1000,115
B0DEMO0026,93,817,118
B0DEMO0026,94,997,119
B0DEMO0026,95,1018,121
B0DEMO0026,96,912,122
B0DEMO0026,97,1004,124
B0DEMO0026,98,935,126
B0DEMO0026,99,830,127
B0DEMO0026,100,826,129
B0DEMO0026,101,914,130
B0DEMO0026,102,827,133
B0DEMO0026,103,878,135
B0DEMO0026,104,855,137
B0DEMO0026,105,873,140
B0DEMO0026,106,938,141
B0DEMO0026,107,899,144
B0DEMO0026,108,821,146
B0DEMO0026,109,837,148
B0DEMO0026,110,819,149
B0DEMO0026,111,767,152
B0DEMO0026,112,859,154
B0DEMO0026,113,887,156
B0DEMO0026,114,831,158
B0DEMO0026,115,840,159
B0DEMO0026,116,779,162
B0DEMO0026,117,956,164
B0DEMO0026,118,762,166
B0DEMO0026,119,800,169
B0DEMO0027,0,2149,1
B0DEMO0027,1,2534,2
B0DEMO0027,2,2725,2
B0DEMO0027,3,2567,3
B0DEMO0027,4,2296,4
B0DEMO0027,5,2211,5
B0DEMO0027,6,2545,6
B0DEMO0027,7,2500,7
B0DEMO0027,8,2504,8
B0DEMO0027,9,2196,9
B0DEMO0027,10,2499,9
B0DEMO0027,11,1909,10
B0DEMO0027,12,2387,11
B0DEMO0027,13,2192,12
B0DEMO0027,14,2339,12
B0DEMO0027,15,2141,13
B0DEMO0027,16,2458,14
B0DEMO0027,17,2435,14
B0DEMO0027,18,2081,15
B0DEMO0027,19,2387,16
B0DEMO0027,20,1951,17
B0DEMO0027,21,2336,18
B0DEMO0027,22,2147,19
B0DEMO0027,23,2300,20
B0DEMO0027,24,2165,21
B0DEMO0027,25,2167,21
B0DEMO0027,26,2249,22
B0DEMO0027,27,2017,23
B0DEMO0027,28,2027,24
B0DEMO0027,29,2242,25
B0DEMO0027,30,1849,26
B0DEMO0027,31,1989,27
B0DEMO0027,32,2095,27
B0DEMO0027,33,1900,28
B0DEMO0027,34,1728,30
B0DEMO0027,35,2015,31
B0DEMO0027,36,2214,32
B0DEMO0027,37,1799,33
B0DEMO0027,38,1983,34
B0DEMO0027,39,1777,34
B0DEMO0027,40,1754,35
B0DEMO0027,41,1549,36
B0DEMO0027,42,2179,37
B0DEMO0027,43,1801,38
B0DEMO0027,44,1536,39
B0DEMO0027,45,1559,40
B0DEMO0027,46,1534,42
B0DEMO0027,47,1425,43
B0DEMO0027,48,1574,44
B0DEMO0027,49,1436,45
B0DEMO0027,50,1630,46
B0DEMO0027,51,1771,47
B0DEMO0027,52,1470,48
B0DEMO0027,53,1887,49
B0DEMO0027,54,1405,51
B0DEMO0027,55,1706,52
B0DEMO0027,56,1694,53
B0DEMO0027,57,1667,54
B0DEMO0027,58,1549,54
B0DEMO0027,59,1369,56
B0DEMO0027,60,1539,56
B0DEMO0027,61,1362,58
B0DEMO0027,62,1493,60
B0DEMO0027,63,1377,62
B0DEMO0027,64,1556,63
B0DEMO0027,65,1469,65
B0DEMO0027,66,1347,66
B0DEMO0027,67,1399,67
B0DEMO0027,68,1502,68
B0DEMO0027,69,1155,70
B0DEMO0027,70,1144,71
B0DEMO0027,71,1120,72
B0DEMO0027,72,1261,74
B0DEMO0027,73,1140,76
B0DEMO0027,74,1430,77
B0DEMO0027,75,1250,79
B0DEMO0027,76,1301,80
B0DEMO0027,77,997,82
B0DEMO0027,78,1079,84
B0DEMO0027,79,1175,86
B0DEMO0027,80,1227,87
B0DEMO0027,81,1018,88
B0DEMO0027,82,1247,90
B0DEMO0027,83,1001,91
B0DEMO0027,84,1163,92
B0DEMO0027,85,975,93
B0DEMO0027,86,1001,95
B0DEMO0027,87,1065,97
B0DEMO0027,88,941,99
B0DEMO0027,89,961,102
B0DEMO0027,90,1033,104
B0DEMO0027,91,944,106
B0DEMO0027,92,1049,108
B0DEMO0027,93,1018,110
B0DEMO0027,94,936,112
B0DEMO0027,95,914,114
B0DEMO0027,96,1001,115
B0DEMO0027,97,943,118
B0DEMO0027,98,891,119
B0DEMO0027,99,1035,122
B0DEMO0027,100,951,124
B0DEMO0027,101,987,125
B0DEMO0027,102,1003,128
B0DEMO0027,103,1026,130
B0DEMO0027,104,1091,132
B0DEMO0027,105,910,133
B0DEMO0027,106,944,134
B0DEMO0027,107,795,136
B0DEMO0027,108,874,137
B0DEMO0027,109,808,139
B0DEMO0027,110,882,142
B0DEMO0027,111,993,143
B0DEMO0027,112,906,146
B0DEMO0027,113,855,149
B0DEMO0027,114,857,150
B0DEMO0027,115,789,152
B0DEMO0027,116,919,155
B0DEMO0027,117,859,157
B0DEMO0027,118,865,159
B0DEMO0027,119,927,161
B0DEMO0028,0,1886,0
B0DEMO0028,1,1571,2
B0DEMO0028,2,1843,3
B0DEMO0028,3,1605,4
B0DEMO0028,4,1708,5
B0DEMO0028,5,1675,6
B0DEMO0028,6,1766,7
B0DEMO0028,7,1749,8
B0DEMO0028,8,1755,9
B0DEMO0028,9,1656,10
B0DEMO0028,10,1831,11
B0DEMO0028,11,1682,11
B0DEMO0028,12,1665,13
B0DEMO0028,13,1720,14
B0DEMO0028,14,1661,15
B0DEMO0028,15,1808,16
B0DEMO0028,16,1770,17
B0DEMO0028,17,1684,18
B0DEMO0028,18,1480,19
B0DEMO0028,19,1911,20
B0DEMO0028,20,1762,21
B0DEMO0028,21,1732,23
B0DEMO0028,22,1800,24
B0DEMO0028,23,1666,25
B0DEMO0028,24,1591,27
B0DEMO0028,25,1483,27
B0DEMO0028,26,1541,28
B0DEMO0028,27,1528,29
B0DEMO0028,28,1528,31
B0DEMO0028,29,1487,32
B0DEMO0028,30,1745,33
B0DEMO0028,31,1604,34
B0DEMO0028,32,1283,35
B0DEMO0028,33,1623,36
B0DEMO0028,34,1812,37
B0DEMO0028,35,1510,38
B0DEMO0028,36,1517,40
B0DEMO0028,37,1428,41
B0DEMO0028,38,1621,42
B0DEMO0028,39,1312,43
B0DEMO0028,40,1409,44
B0DEMO0028,41,1655,45
B0DEMO0028,42,1421,46
B0DEMO0028,43,1279,48
B0DEMO0028,44,1364,50
B0DEMO0028,45,1361,51
B0DEMO0028,46,1376,52
B0DEMO0028,47,1449,53
B0DEMO0028,48,1368,54
B0DEMO0028,49,1239,55
B0DEMO0028,50,1404,56
B0DEMO0028,51,1327,58
B0DEMO0028,52,1227,59
B0DEMO0028,53,1363,61
B0DEMO0028,54,1137,62
B0DEMO0028,55,1083,64
B0DEMO0028,56,1307,65
B0DEMO0028,57,1318,66
B0DEMO0028,58,1287,68
B0DEMO0028,59,1081,69
B0DEMO0028,60,1412,71
B0DEMO0028,61,1107,73
B0DEMO0028,62,1121,74
B0DEMO0028,63,1126,76
B0DEMO0028,64,1244,77
B0DEMO0028,65,1209,79
B0DEMO0028,66,1178,81
B0DEMO0028,67,1234,83
B0DEMO0028,68,1073,85
B0DEMO0028,69,1162,86
B0DEMO0028,70,1075,87
B0DEMO0028,71,1073,88
B0DEMO0028,72,1015,90
B0DEMO0028,73,1116,92
B0DEMO0028,74,1115,93
B0DEMO0028,75,1174,95
B0DEMO0028,76,1136,97
B0DEMO0028,77,1096,98
B0DEMO0028,78,1161,100
B0DEMO0028,79,1002,102
B0DEMO0028,80,940,104
B0DEMO0028,81,909,106
B0DEMO0028,82,1090,107
B0DEMO0028,83,950,109
B0DEMO0028,84,962,111
B0DEMO0028,85,949,113
B0DEMO0028,86,937,115
B0DEMO0028,87,966,117
B0DEMO0028,88,974,119
B0DEMO0028,89,887,122
B0DEMO0028,90,1061,124
B0DEMO0028,91,922,126
B0DEMO0028,92,910,128
B0DEMO0028,93,976,130
B0DEMO0028,94,834,133
B0DEMO0028,95,952,135
B0DEMO0028,96,763,137
B0DEMO0028,97,850,140
B0DEMO0028,98,813,142
B0DEMO0028,99,883,144
B0DEMO0028,100,820,146
B0DEMO0028,101,923,149
B0DEMO0028,102,853,150
B0DEMO0028,103,756,152
B0DEMO0028,104,814,155
B0DEMO0028,105,941,156
B0DEMO0028,106,864,158
B0DEMO0028,107,847,160
B0DEMO0028,108,852,161
B0DEMO0028,109,781,163
B0DEMO0028,110,882,166
B0DEMO0028,111,731,169
B0DEMO0028,112,918,171
B0DEMO0028,113,866,173
B0DEMO0028,114,828,175
B0DEMO0028,115,789,178
B0DEMO0028,116,825,180
B0DEMO0028,117,737,182
B0DEMO0028,118,733,185
B0DEMO0028,119,880,187
B0DEMO0029,0,1898,0
B0DEMO0029,1,2069,1
B0DEMO0029,2,1450,2
B0DEMO0029,3,1908,3
B0DEMO0029,4,1920,5
B0DEMO0029,5,1628,6
B0DEMO0029,6,1881,7
B0DEMO0029,7,1674,7
B0DEMO0029,8,2093,8
B0DEMO0029,9,1675,10
B0DEMO0029,10,1982,11
B0DEMO0029,11,1693,12
B0DEMO0029,12,1860,12
B0DEMO0029,13,1843,13
B0DEMO0029,14,2068,14
B0DEMO0029,15,1714,15
B0DEMO0029,16,2038,16
B0DEMO0029,17,1724,17
B0DEMO0029,18,2029,19
B0DEMO0029,19,1719,20
B0DEMO0029,20,1546,21
B0DEMO0029,21,1569,22
B0DEMO0029,22,1872,23
B0DEMO0029,23,1820,24
B0DEMO0029,24,1619,25
B0DEMO0029,25,1683,27
B0DEMO0029,26,1742,27
B0DEMO0029,27,1723,28
B0DEMO0029,28,1515,30
B0DEMO0029,29,1803,30
B0DEMO0029,30,1564,31
B0DEMO0029,31,1409,32
B0DEMO0029,32,1354,34
B0DEMO0029,33,1580,35
B0DEMO0029,34,1631,36
B0DEMO0029,35,1648,37
B0DEMO0029,36,1560,38
B0DEMO0029,37,1463,39
B0DEMO0029,38,1601,40
B0DEMO0029,39,1822,41
B0DEMO0029,40,1475,42
B0DEMO0029,41,1445,42
B0DEMO0029,42,1512,44
B0DEMO0029,43,1321,45
B0DEMO0029,44,1398,46
B0DEMO0029,45,1467,48
B0DEMO0029,46,1366,50
B0DEMO0029,47,1553,51
B0DEMO0029,48,1229,52
B0DEMO0029,49,1418,54
B0DEMO0029,50,1329,56
B0DEMO0029,51,1497,57
B0DEMO0029,52,1128,59
B0DEMO0029,53,1248,61
B0DEMO0029,54,1337,62
B0DEMO0029,55,1335,63
B0DEMO0029,56,1436,64
B0DEMO0029,57,1125,66
B0DEMO0029,58,1327,68
B0DEMO0029,59,1162,69
B0DEMO0029,60,1092,71
B0DEMO0029,61,982,73
B0DEMO0029,62,1017,75
B0DEMO0029,63,1200,76
B0DEMO0029,64,1108,77
B0DEMO0029,65,1016,79
B0DEMO0029,66,1180,81
B0DEMO0029,67,1126,82
B0DEMO0029,68,965,84
B0DEMO0029,69,1157,85
B0DEMO0029,70,982,87
B0DEMO0029,71,1079,88
B0DEMO0029,72,1232,90
B0DEMO0029,73,1066,91
B0DEMO0029,74,1075,92
B0DEMO0029,75,1089,94
B0DEMO0029,76,1236,95
B0DEMO0029,77,950,96
B0DEMO0029,78,1019,98
B0DEMO0029,79,821,100
B0DEMO0029,80,1032,102
B0DEMO0029,81,927,104
B0DEMO0029,82,1023,106
B0DEMO0029,83,850,108
B0DEMO0029,84,999,109
B0DEMO0029,85,826,112
B0DEMO0029,86,872,113
B0DEMO0029,87,951,115
B0DEMO0029,88,954,116
B0DEMO0029,89,750,118
B0DEMO0029,90,836,120
B0DEMO0029,91,834,122
B0DEMO0029,92,775,124
B0DEMO0029,93,902,126
B0DEMO0029,94,913,127
B0DEMO0029,95,774,130
B0DEMO0029,96,775,133
B0DEMO0029,97,774,135
B0DEMO0029,98,751,137
B0DEMO0029,99,914,139
B0DEMO0029,100,741,142
B0DEMO0029,101,716,145
B0DEMO0029,102,815,146
B0DEMO0029,103,773,149
B0DEMO0029,104,728,151
B0DEMO0029,105,769,153
B0DEMO0029,106,755,156
B0DEMO0029,107,660,158
B0DEMO0029,108,700,162
B0DEMO0029,109,760,164
B0DEMO0029,110,785,165
B0DEMO0029,111,840,168
B0DEMO0029,112,742,170
B0DEMO0029,113,815,172
B0DEMO0029,114,751,173
B0DEMO0029,115,749,175
B0DEMO0029,116,818,176
B0DEMO0029,117,711,179
B0DEMO0029,118,750,182
B0DEMO0029,119,880,184
B0DEMO0030,0,381,4
B0DEMO0030,1,419,7
B0DEMO0030,2,476,8
B0DEMO0030,3,423,10
B0DEMO0030,4,435,12
B0DEMO0030,5,396,15
B0DEMO0030,6,490,18
B0DEMO0030,7,442,21
B0DEMO0030,8,358,24
B0DEMO0030,9,421,26
B0DEMO0030,10,436,29
B0DEMO0030,11,465,32
B0DEMO0030,12,475,35
B0DEMO0030,13,387,39
B0DEMO0030,14,432,42
B0DEMO0030,15,439,45
B0DEMO0030,16,418,47
B0DEMO0030,17,443,51
B0DEMO0030,18,417,53
B0DEMO0030,19,431,56
B0DEMO0030,20,487,59
B0DEMO0030,21,444,62
B0DEMO0030,22,463,65
B0DEMO0030,23,469,69
B0DEMO0030,24,430,71
B0DEMO0030,25,461,73
B0DEMO0030,26,567,75
B0DEMO0030,27,533,76
B0DEMO0030,28,446,79
B0DEMO0030,29,470,82
B0DEMO0030,30,509,85
B0DEMO0030,31,548,88
B0DEMO0030,32,544,89
B0DEMO0030,33,577,92
B0DEMO0030,34,487,95
B0DEMO0030,35,484,98
B0DEMO0030,36,525,99
B0DEMO0030,37,497,103
B0DEMO0030,38,499,106
B0DEMO0030,39,478,108
B0DEMO0030,40,534,110
B0DEMO0030,41,532,113
B0DEMO0030,42,548,115
B0DEMO0030,43,506,116
B0DEMO0030,44,622,119
B0DEMO0030,45,502,122
B0DEMO0030,46,570,123
B0DEMO0030,47,553,125
B0DEMO0030,48,521,127
B0DEMO0030,49,533,129
B0DEMO0030,50,506,131
B0DEMO0030,51,557,133
B0DEMO0030,52,600,136
B0DEMO0030,53,558,138
B0DEMO0030,54,550,139
B0DEMO0030,55,635,141
B0DEMO0030,56,594,144
B0DEMO0030,57,593,145
B0DEMO0030,58,527,148
B0DEMO0030,59,524,151
B0DEMO0030,60,667,154
B0DEMO0030,61,615,156
B0DEMO0030,62,594,158
B0DEMO0030,63,606,160
B0DEMO0030,64,629,161
B0DEMO0030,65,559,164
B0DEMO0030,66,681,166
B0DEMO0030,67,687,168
B0DEMO0030,68,556,171
B0DEMO0030,69,683,173
B0DEMO0030,70,569,174
B0DEMO0030,71,659,176
B0DEMO0030,72,707,178
B0DEMO0030,73,724,180
B0DEMO0030,74,695,182
B0DEMO0030,75,716,183
B0DEMO0030,76,833,185
B0DEMO0030,77,650,187
B0DEMO0030,78,680,188
B0DEMO0030,79,695,190
B0DEMO0030,80,763,192
B0DEMO0030,81,589,194
B0DEMO0030,82,658,195
B0DEMO0030,83,665,197
B0DEMO0030,84,736,198
B0DEMO0030,85,749,200
B0DEMO0030,86,778,202
B0DEMO0030,87,719,203
B0DEMO0030,88,745,205
B0DEMO0030,89,846,206
B0DEMO0030,90,880,208
B0DEMO0030,91,759,209
B0DEMO0030,92,791,212
B0DEMO0030,93,891,213
B0DEMO0030,94,765,214
B0DEMO0030,95,813,216
B0DEMO0030,96,757,219
B0DEMO0030,97,779,220
B0DEMO0030,98,875,221
B0DEMO0030,99,846,222
B0DEMO0030,100,847,223
B0DEMO0030,101,714,224
B0DEMO0030,102,945,226
B0DEMO0030,103,804,227
B0DEMO0030,104,827,228
B0DEMO0030,105,889,230
B0DEMO0030,106,858,232
B0DEMO0030,107,697,233
B0DEMO0030,108,911,235
B0DEMO0030,109,790,237
B0DEMO0030,110,932,238
B0DEMO0030,111,811,240
B0DEMO0030,112,812,242
B0DEMO0030,113,930,243
B0DEMO0030,114,809,244
B0DEMO0030,115,872,245
B0DEMO0030,116,890,246
B0DEMO0030,117,816,247
B0DEMO0030,118,863,249
B0DEMO0030,119,813,250
B0DEMO0031,0,760,1
B0DEMO0031,1,735,2
B0DEMO0031,2,762,4
B0DEMO0031,3,737,6
B0DEMO0031,4,708,8
B0DEMO0031,5,715,10
B0DEMO0031,6,772,11
B0DEMO0031,7,768,13
B0DEMO0031,8,875,14
B0DEMO0031,9,794,15
B0DEMO0031,10,690,17
B0DEMO0031,11,805,18
B0DEMO0031,12,659,20
B0DEMO0031,13,821,21
B0DEMO0031,14,774,23
B0DEMO0031,15,676,25
B0DEMO0031,16,692,27
B0DEMO0031,17,774,29
B0DEMO0031,18,682,31
B0DEMO0031,19,791,33
B0DEMO0031,20,827,34
B0DEMO0031,21,807,35
B0DEMO0031,22,747,37
B0DEMO0031,23,740,38
B0DEMO0031,24,677,39
B0DEMO0031,25,744,41
B0DEMO0031,26,759,43
B0DEMO0031,27,758,44
B0DEMO0031,28,733,46
B0DEMO0031,29,677,48
B0DEMO0031,30,825,50
B0DEMO0031,31,649,52
B0DEMO0031,32,802,53
B0DEMO0031,33,803,55
B0DEMO0031,34,709,57
B0DEMO0031,35,806,59
B0DEMO0031,36,722,60
B0DEMO0031,37,723,62
B0DEMO0031,38,760,63
B0DEMO0031,39,762,65
B0DEMO0031,40,805,66
B0DEMO0031,41,807,68
B0DEMO0031,42,665,70
B0DEMO0031,43,740,72
B0DEMO0031,44,699,74
B0DEMO0031,45,810,75
B0DEMO0031,46,714,77
B0DEMO0031,47,737,79
B0DEMO0031,48,670,80
B0DEMO0031,49,760,83
B0DEMO0031,50,705,84
B0DEMO0031,51,914,85
B0DEMO0031,52,662,87
B0DEMO0031,53,734,88
B0DEMO0031,54,770,90
B0DEMO0031,55,778,91
B0DEMO0031,56,775,93
B0DEMO0031,57,676,94
B0DEMO0031,58,795,95
B0DEMO0031,59,760,97
B0DEMO0031,60,830,98
B0DEMO0031,61,728,100
B0DEMO0031,62,747,101
B0DEMO0031,63,761,102
B0DEMO0031,64,765,104
B0DEMO0031,65,804,105
B0DEMO0031,66,715,107
B0DEMO0031,67,679,108
B0DEMO0031,68,698,110
B0DEMO0031,69,637,112
B0DEMO0031,70,690,113
B0DEMO0031,71,716,114
B0DEMO0031,72,721,116
B0DEMO0031,73,788,117
B0DEMO0031,74,838,118
B0DEMO0031,75,813,120
B0DEMO0031,76,796,121
B0DEMO0031,77,699,123
B0DEMO0031,78,812,124
B0DEMO0031,79,695,126
B0DEMO0031,80,711,127
B0DEMO0031,81,674,128
B0DEMO0031,82,749,129
B0DEMO0031,83,801,131
B0DEMO0031,84,745,132
B0DEMO0031,85,633,134
B0DEMO0031,86,752,136
B0DEMO0031,87,681,137
B0DEMO0031,88,648,140
B0DEMO0031,89,798,141
B0DEMO0031,90,739,143
B0DEMO0031,91,731,145
B0DEMO0031,92,685,147
B0DEMO0031,93,791,148
B0DEMO0031,94,771,150
B0DEMO0031,95,781,151
B0DEMO0031,96,647,153
B0DEMO0031,97,641,155
B0DEMO0031,98,635,157
B0DEMO0031,99,862,158
B0DEMO0031,100,744,160
B0DEMO0031,101,775,162
B0DEMO0031,102,737,164
B0DEMO0031,103,774,166
B0DEMO0031,104,782,168
B0DEMO0031,105,836,169
B0DEMO0031,106,729,171
B0DEMO0031,107,767,173
B0DEMO0031,108,748,175
B0DEMO0031,109,769,177
B0DEMO0031,110,821,178
B0DEMO0031,111,795,180
B0DEMO0031,112,785,181
B0DEMO0031,113,794,182
B0DEMO0031,114,768,184
B0DEMO0031,115,693,186
B0DEMO0031,116,743,187
B0DEMO0031,117,792,189
B0DEMO0031,118,689,191
B0DEMO0031,119,769,192
B0DEMO0032,0,616,1
B0DEMO0032,1,700,3
B0DEMO0032,2,630,5
B0DEMO0032,3,731,7
B0DEMO0032,4,774,8
B0DEMO0032,5,779,10
B0DEMO0032,6,784,12
B0DEMO0032,7,683,14
B0DEMO0032,8,702,15
B0DEMO0032,9,635,16
B0DEMO0032,10,607,18
B0DEMO0032,11,716,20
B0DEMO0032,12,601,22
B0DEMO0032,13,729,24
B0DEMO0032,14,628,25
B0DEMO0032,15,660,27
B0DEMO0032,16,771,28
B0DEMO0032,17,684,31
B0DEMO0032,18,697,32
B0DEMO0032,19,653,34
B0DEMO0032,20,714,36
B0DEMO0032,21,651,38
B0DEMO0032,22,616,39
B0DEMO0032,23,612,40
B0DEMO0032,24,584,42
B0DEMO0032,25,597,44
B0DEMO0032,26,695,46
B0DEMO0032,27,653,47
B0DEMO0032,28,608,49
B0DEMO0032,29,697,51
B0DEMO0032,30,663,53
B0DEMO0032,31,675,54
B0DEMO0032,32,600,56
B0DEMO0032,33,625,57
B0DEMO0032,34,665,59
B0DEMO0032,35,632,60
B0DEMO0032,36,698,62
B0DEMO0032,37,683,65
B0DEMO0032,38,722,67
B0DEMO0032,39,655,69
B0DEMO0032,40,605,71
B0DEMO0032,41,638,74
B0DEMO0032,42,763,75
B0DEMO0032,43,689,76
B0DEMO0032,44,622,78
B0DEMO0032,45,665,79
B0DEMO0032,46,616,81
B0DEMO0032,47,609,84
B0DEMO0032,48,682,86
B0DEMO0032,49,643,88
B0DEMO0032,50,667,89
B0DEMO0032,51,710,90
B0DEMO0032,52,592,92
B0DEMO0032,53,629,95
B0DEMO0032,54,660,96
B0DEMO0032,55,650,98
B0DEMO0032,56,590,100
B0DEMO0032,57,609,101
B0DEMO0032,58,705,104
B0DEMO0032,59,576,106
B0DEMO0032,60,623,109
B0DEMO0032,61,623,110
B0DEMO0032,62,532,112
B0DEMO0032,63,627,114
B0DEMO0032,64,533,115
B0DEMO0032,65,602,117
B0DEMO0032,66,651,119
B0DEMO0032,67,565,120
B0DEMO0032,68,519,122
B0DEMO0032,69,584,124
B0DEMO0032,70,582,127
B0DEMO0032,71,587,128
B0DEMO0032,72,590,130
B0DEMO0032,73,591,132
B0DEMO0032,74,512,134
B0DEMO0032,75,626,135
B0DEMO0032,76,482,137
B0DEMO0032,77,555,139
B0DEMO0032,78,608,141
B0DEMO0032,79,535,143
B0DEMO0032,80,505,146
B0DEMO0032,81,532,148
B0DEMO0032,82,542,150
B0DEMO0032,83,660,151
B0DEMO0032,84,498,153
B0DEMO0032,85,579,155
B0DEMO0032,86,549,157
B0DEMO0032,87,522,161
B0DEMO0032,88,497,162
B0DEMO0032,89,504,165
B0DEMO0032,90,568,168
B0DEMO0032,91,582,170
B0DEMO0032,92,612,172
B0DEMO0032,93,509,175
B0DEMO0032,94,463,178
B0DEMO0032,95,573,181
B0DEMO0032,96,570,183
B0DEMO0032,97,599,185
B0DEMO0032,98,467,189
B0DEMO0032,99,612,191
B0DEMO0032,100,548,193
B0DEMO0032,101,636,195
B0DEMO0032,102,532,198
B0DEMO0032,103,603,200
B0DEMO0032,104,515,203
B0DEMO0032,105,639,205
B0DEMO0032,106,516,207
B0DEMO0032,107,476,209
B0DEMO0032,108,547,212
B0DEMO0032,109,587,214
B0DEMO0032,110,593,216
B0DEMO0032,111,532,218
B0DEMO0032,112,552,220
B0DEMO0032,113,534,223
B0DEMO0032,114,595,225
B0DEMO0032,115,580,227
B0DEMO0032,116,512,230
B0DEMO0032,117,577,232
B0DEMO0032,118,532,234
B0DEMO0032,119,587,237
B0DEMO0033,0,24,188
B0DEMO0033,1,24,393
B0DEMO0033,2,24,616
B0DEMO0033,3,25,796
B0DEMO0033,4,25,1005
B0DEMO0033,5,25,1241
B0DEMO0033,6,28,1444
B0DEMO0033,7,25,1605
B0DEMO0033,8,22,1857
B0DEMO0033,9,23,2086
B0DEMO0033,10,25,2320
B0DEMO0033,11,24,2520
B0DEMO0033,12,25,2727
B0DEMO0033,13,27,2941
B0DEMO0033,14,25,3143
B0DEMO0033,15,24,3325
B0DEMO0033,16,27,3505
B0DEMO0033,17,25,3731
B0DEMO0033,18,25,3911
B0DEMO0033,19,26,4088
B0DEMO0033,20,26,4317
B0DEMO0033,21,25,4529
B0DEMO0033,22,26,4713
B0DEMO0033,23,28,4878
B0DEMO0033,24,28,5050
B0DEMO0033,25,25,5280
B0DEMO0033,26,26,5490
B0DEMO0033,27,29,5634
B0DEMO0033,28,26,5837
B0DEMO0033,29,25,6059
B0DEMO0033,30,26,6239
B0DEMO0033,31,28,6392
B0DEMO0033,32,27,6596
B0DEMO0033,33,27,6813
B0DEMO0033,34,28,6984
B0DEMO0033,35,27,7155
B0DEMO0033,36,29,7361
B0DEMO0033,37,30,7549
B0DEMO0033,38,29,7687
B0DEMO0033,39,29,7830
B0DEMO0033,40,30,8009
B0DEMO0033,41,30,8178
B0DEMO0033,42,31,8349
B0DEMO0033,43,26,8559
B0DEMO0033,44,30,8704
B0DEMO0033,45,30,8862
B0DEMO0033,46,30,9042
B0DEMO0033,47,29,9194
B0DEMO0033,48,30,9339
B0DEMO0033,49,29,9543
B0DEMO0033,50,31,9701
B0DEMO0033,51,32,9877
B0DEMO0033,52,31,10018
B0DEMO0033,53,33,10143
B0DEMO0033,54,31,10283
B0DEMO0033,55,31,10461
B0DEMO0033,56,32,10603
B0DEMO0033,57,32,10784
B0DEMO0033,58,34,10926
B0DEMO0033,59,33,11085
B0DEMO0033,60,34,11239
B0DEMO0033,61,35,11403
B0DEMO0033,62,31,11543
B0DEMO0033,63,34,11678
B0DEMO0033,64,34,11818
B0DEMO0033,65,31,11965
B0DEMO0033,66,35,12098
B0DEMO0033,67,35,12246
B0DEMO0033,68,33,12396
B0DEMO0033,69,38,12537
B0DEMO0033,70,36,12654
B0DEMO0033,71,32,12783
B0DEMO0033,72,35,12940
B0DEMO0033,73,36,13051
B0DEMO0033,74,37,13191
B0DEMO0033,75,36,13357
B0DEMO0033,76,35,13477
B0DEMO0033,77,38,13610
B0DEMO0033,78,36,13721
B0DEMO0033,79,40,13851
B0DEMO0033,80,39,14004
B0DEMO0033,81,39,14146
B0DEMO0033,82,38,14300
B0DEMO0033,83,39,14427
B0DEMO0033,84,39,14547
B0DEMO0033,85,40,14668
B0DEMO0033,86,37,14797
B0DEMO0033,87,40,14941
B0DEMO0033,88,36,15108
B0DEMO0033,89,41,15245
B0DEMO0033,90,46,15373
B0DEMO0033,91,39,15510
B0DEMO0033,92,40,15629
B0DEMO0033,93,43,15724
B0DEMO0033,94,40,15842
B0DEMO0033,95,40,15959
B0DEMO0033,96,41,16061
B0DEMO0033,97,43,16175
B0DEMO0033,98,44,16298
B0DEMO0033,99,42,16428
B0DEMO0033,100,41,16569
B0DEMO0033,101,42,16670
B0DEMO0033,102,42,16794
B0DEMO0033,103,44,16925
B0DEMO0033,104,46,17024
B0DEMO0033,105,42,17152
B0DEMO0033,106,41,17290
B0DEMO0033,107,44,17397
B0DEMO0033,108,43,17519
B0DEMO0033,109,41,17649
B0DEMO0033,110,41,17770
B0DEMO0033,111,40,17890
B0DEMO0033,112,44,17990
B0DEMO0033,113,43,18129
B0DEMO0033,114,49,18249
B0DEMO0033,115,45,18374
B0DEMO0033,116,42,18470
B0DEMO0033,117,42,18583
B0DEMO0033,118,43,18678
B0DEMO0033,119,42,18812
B0DEMO0034,0,39,146
B0DEMO0034,1,41,253
B0DEMO0034,2,38,384
B0DEMO0034,3,38,510
B0DEMO0034,4,39,663
B0DEMO0034,5,39,799
B0DEMO0034,6,36,957
B0DEMO0034,7,42,1100
B0DEMO0034,8,46,1210
B0DEMO0034,9,37,1337
B0DEMO0034,10,43,1461
B0DEMO0034,11,37,1623
B0DEMO0034,12,40,1761
B0DEMO0034,13,39,1883
B0DEMO0034,14,41,2007
B0DEMO0034,15,42,2115
B0DEMO0034,16,38,2257
B0DEMO0034,17,40,2367
B0DEMO0034,18,42,2503
B0DEMO0034,19,39,2626
B0DEMO0034,20,44,2723
B0DEMO0034,21,44,2848
B0DEMO0034,22,41,2974
B0DEMO0034,23,45,3098
B0DEMO0034,24,38,3248
B0DEMO0034,25,41,3381
B0DEMO0034,26,43,3495
B0DEMO0034,27,45,3591
B0DEMO0034,28,45,3686
B0DEMO0034,29,45,3806
B0DEMO0034,30,43,3912
B0DEMO0034,31,45,4008
B0DEMO0034,32,44,4109
B0DEMO0034,33,41,4243
B0DEMO0034,34,46,4362
B0DEMO0034,35,46,4449
B0DEMO0034,36,44,4573
B0DEMO0034,37,44,4690
B0DEMO0034,38,50,4797
B0DEMO0034,39,43,4936
B0DEMO0034,40,46,5029
B0DEMO0034,41,45,5161
B0DEMO0034,42,46,5266
B0DEMO0034,43,50,5380
B0DEMO0034,44,48,5502
B0DEMO0034,45,47,5591
B0DEMO0034,46,50,5710
B0DEMO0034,47,50,5797
B0DEMO0034,48,48,5883
B0DEMO0034,49,48,6007
B0DEMO0034,50,47,6119
B0DEMO0034,51,45,6235
B0DEMO0034,52,54,6345
B0DEMO0034,53,48,6454
B0DEMO0034,54,48,6554
B0DEMO0034,55,49,6637
B0DEMO0034,56,48,6731
B0DEMO0034,57,54,6823
B0DEMO0034,58,52,6926
B0DEMO0034,59,50,7044
B0DEMO0034,60,51,7149
B0DEMO0034,61,50,7244
B0DEMO0034,62,56,7340
B0DEMO0034,63,50,7451
B0DEMO0034,64,54,7550
B0DEMO0034,65,56,7649
B0DEMO0034,66,56,7751
B0DEMO0034,67,56,7846
B0DEMO0034,68,55,7929
B0DEMO0034,69,50,8035
B0DEMO0034,70,56,8120
B0DEMO0034,71,55,8197
B0DEMO0034,72,54,8274
B0DEMO0034,73,62,8354
B0DEMO0034,74,62,8440
B0DEMO0034,75,57,8528
B0DEMO0034,76,60,8596
B0DEMO0034,77,59,8683
B0DEMO0034,78,54,8778
B0DEMO0034,79,59,8855
B0DEMO0034,80,63,8942
B0DEMO0034,81,60,9036
B0DEMO0034,82,58,9111
B0DEMO0034,83,65,9187
B0DEMO0034,84,63,9271
B0DEMO0034,85,59,9354
B0DEMO0034,86,61,9438
B0DEMO0034,87,62,9506
B0DEMO0034,88,60,9574
B0DEMO0034,89,66,9663
B0DEMO0034,90,62,9753
B0DEMO0034,91,65,9820
B0DEMO0034,92,71,9899
B0DEMO0034,93,63,9963
B0DEMO0034,94,62,10046
B0DEMO0034,95,65,10124
B0DEMO0034,96,64,10212
B0DEMO0034,97,65,10288
B0DEMO0034,98,63,10368
B0DEMO0034,99,62,10452
B0DEMO0034,100,66,10534
B0DEMO0034,101,63,10622
B0DEMO0034,102,64,10689
B0DEMO0034,103,78,10759
B0DEMO0034,104,77,10836
B0DEMO0034,105,77,10912
B0DEMO0034,106,67,10977
B0DEMO0034,107,65,11057
B0DEMO0034,108,71,11118
B0DEMO0034,109,65,11197
B0DEMO0034,110,68,11279
B0DEMO0034,111,66,11343
B0DEMO0034,112,72,11403
B0DEMO0034,113,69,11467
B0DEMO0034,114,70,11528
B0DEMO0034,115,67,11605
B0DEMO0034,116,69,11687
B0DEMO0034,117,63,11752
B0DEMO0034,118,69,11838
B0DEMO0034,119,68,11912
B0DEMO0035,0,52,88
B0DEMO0035,1,57,162
B0DEMO0035,2,49,247
B0DEMO0035,3,58,341
B0DEMO0035,4,57,444
B0DEMO0035,5,55,523
B0DEMO0035,6,58,594
B0DEMO0035,7,54,695
B0DEMO0035,8,56,787
B0DEMO0035,9,51,884
B0DEMO0035,10,52,995
B0DEMO0035,11,56,1101
B0DEMO0035,12,54,1191
B0DEMO0035,13,52,1287
B0DEMO0035,14,58,1381
B0DEMO0035,15,55,1471
B0DEMO0035,16,54,1564
B0DEMO0035,17,56,1672
B0DEMO0035,18,61,1766
B0DEMO0035,19,60,1856
B0DEMO0035,20,57,1941
B0DEMO0035,21,59,2029
B0DEMO0035,22,55,2135
B0DEMO0035,23,63,2222
B0DEMO0035,24,61,2311
B0DEMO0035,25,57,2406
B0DEMO0035,26,59,2499
B0DEMO0035,27,61,2573
B0DEMO0035,28,61,2663
B0DEMO0035,29,62,2758
B0DEMO0035,30,61,2850
B0DEMO0035,31,60,2946
B0DEMO0035,32,55,3038
B0DEMO0035,33,64,3120
B0DEMO0035,34,59,3208
B0DEMO0035,35,61,3306
B0DEMO0035,36,61,3393
B0DEMO0035,37,64,3483
B0DEMO0035,38,60,3567
B0DEMO0035,39,58,3644
B0DEMO0035,40,67,3706
B0DEMO0035,41,65,3793
B0DEMO0035,42,68,3867
B0DEMO0035,43,63,3961
B0DEMO0035,44,65,4036
B0DEMO0035,45,67,4107
B0DEMO0035,46,61,4184
B0DEMO0035,47,60,4255
B0DEMO0035,48,62,4349
B0DEMO0035,49,63,4420
B0DEMO0035,50,72,4491
B0DEMO0035,51,75,4565
B0DEMO0035,52,66,4629
B0DEMO0035,53,67,4697
B0DEMO0035,54,66,4767
B0DEMO0035,55,67,4833
B0DEMO0035,56,70,4911
B0DEMO0035,57,70,4985
B0DEMO0035,58,68,5050
B0DEMO0035,59,69,5117
B0DEMO0035,60,68,5203
B0DEMO0035,61,68,5281
B0DEMO0035,62,70,5361
B0DEMO0035,63,74,5416
B0DEMO0035,64,74,5483
B0DEMO0035,65,70,5558
B0DEMO0035,66,76,5623
B0DEMO0035,67,73,5688
B0DEMO0035,68,77,5756
B0DEMO0035,69,73,5820
B0DEMO0035,70,82,5877
B0DEMO0035,71,80,5927
B0DEMO0035,72,78,6001
B0DEMO0035,73,82,6054
B0DEMO0035,74,74,6118
B0DEMO0035,75,84,6168
B0DEMO0035,76,73,6236
B0DEMO0035,77,78,6290
B0DEMO0035,78,76,6356
B0DEMO0035,79,71,6417
B0DEMO0035,80,74,6474
B0DEMO0035,81,78,6538
B0DEMO0035,82,82,6590
B0DEMO0035,83,79,6658
B0DEMO0035,84,85,6710
B0DEMO0035,85,80,6770
B0DEMO0035,86,78,6829
B0DEMO0035,87,88,6884
B0DEMO0035,88,87,6934
B0DEMO0035,89,82,7003
B0DEMO0035,90,77,7058
B0DEMO0035,91,79,7119
B0DEMO0035,92,82,7189
B0DEMO0035,93,85,7240
B0DEMO0035,94,90,7292
B0DEMO0035,95,85,7349
B0DEMO0035,96,87,7403
B0DEMO0035,97,87,7469
B0DEMO0035,98,81,7524
B0DEMO0035,99,91,7572
B0DEMO0035,100,93,7616
B0DEMO0035,101,89,7669
B0DEMO0035,102,94,7728
B0DEMO0035,103,86,7795
B0DEMO0035,104,88,7844
B0DEMO0035,105,94,7891
B0DEMO0035,106,87,7948
B0DEMO0035,107,86,8010
B0DEMO0035,108,97,8057
B0DEMO0035,109,88,8112
B0DEMO0035,110,85,8172
B0DEMO0035,111,89,8235
B0DEMO0035,112,80,8303
B0DEMO0035,113,94,8352
B0DEMO0035,114,96,8410
B0DEMO0035,115,84,8478
B0DEMO0035,116,86,8536
B0DEMO0035,117,98,8596
B0DEMO0035,118,94,8657
B0DEMO0035,119,88,8711
B0DEMO0036,0,264,21
B0DEMO0036,1,263,41
B0DEMO0036,2,267,62
B0DEMO0036,3,260,80
B0DEMO0036,4,237,103
B0DEMO0036,5,258,125
B0DEMO0036,6,259,148
B0DEMO0036,7,277,164
B0DEMO0036,8,237,187
B0DEMO0036,9,286,203
B0DEMO0036,10,253,225
B0DEMO0036,11,239,246
B0DEMO0036,12,248,264
B0DEMO0036,13,264,280
B0DEMO0036,14,249,298
B0DEMO0036,15,238,316
B0DEMO0036,16,254,338
B0DEMO0036,17,256,360
B0DEMO0036,18,242,383
B0DEMO0036,19,262,402
B0DEMO0036,20,265,422
B0DEMO0036,21,210,446
B0DEMO0036,22,235,466
B0DEMO0036,23,255,483
B0DEMO0036,24,236,506
B0DEMO0036,25,246,527
B0DEMO0036,26,233,546
B0DEMO0036,27,208,565
B0DEMO0036,28,215,586
B0DEMO0036,29,219,605
B0DEMO0036,30,232,623
B0DEMO0036,31,214,650
B0DEMO0036,32,208,679
B0DEMO0036,33,205,701
B0DEMO0036,34,210,727
B0DEMO0036,35,208,753
B0DEMO0036,36,228,772
B0DEMO0036,37,199,801
B0DEMO0036,38,186,828
B0DEMO0036,39,202,848
B0DEMO0036,40,196,872
B0DEMO0036,41,193,899
B0DEMO0036,42,182,925
B0DEMO0036,43,190,947
B0DEMO0036,44,179,977
B0DEMO0036,45,176,1006
B0DEMO0036,46,174,1037
B0DEMO0036,47,185,1063
B0DEMO0036,48,162,1095
B0DEMO0036,49,171,1123
B0DEMO0036,50,167,1147
B0DEMO0036,51,173,1180
B0DEMO0036,52,163,1215
B0DEMO0036,53,170,1241
B0DEMO0036,54,154,1279
B0DEMO0036,55,161,1306
B0DEMO0036,56,158,1344
B0DEMO0036,57,154,1377
B0DEMO0036,58,164,1413
B0DEMO0036,59,153,1449
B0DEMO0036,60,149,1487
B0DEMO0036,61,153,1514
B0DEMO0036,62,146,1552
B0DEMO0036,63,139,1586
B0DEMO0036,64,146,1622
B0DEMO0036,65,153,1660
B0DEMO0036,66,131,1700
B0DEMO0036,67,138,1737
B0DEMO0036,68,132,1780
B0DEMO0036,69,130,1814
B0DEMO0036,70,116,1853
B0DEMO0036,71,122,1895
B0DEMO0036,72,120,1942
B0DEMO0036,73,132,1984
B0DEMO0036,74,115,2021
B0DEMO0036,75,128,2056
B0DEMO0036,76,113,2105
B0DEMO0036,77,115,2146
B0DEMO0036,78,113,2197
B0DEMO0036,79,110,2235
B0DEMO0036,80,104,2277
B0DEMO0036,81,119,2314
B0DEMO0036,82,116,2363
B0DEMO0036,83,115,2401
B0DEMO0036,84,112,2446
B0DEMO0036,85,111,2495
B0DEMO0036,86,111,2543
B0DEMO0036,87,99,2584
B0DEMO0036,88,105,2625
B0DEMO0036,89,109,2665
B0DEMO0036,90,102,2712
B0DEMO0036,91,98,2765
B0DEMO0036,92,94,2809
B0DEMO0036,93,96,2852
B0DEMO0036,94,94,2900
B0DEMO0036,95,82,2971
B0DEMO0036,96,97,3032
B0DEMO0036,97,101,3074
B0DEMO0036,98,96,3126
B0DEMO0036,99,93,3185
B0DEMO0036,100,88,3249
B0DEMO0036,101,89,3307
B0DEMO0036,102,97,3356
B0DEMO0036,103,83,3405
B0DEMO0036,104,99,3462
B0DEMO0036,105,82,3529
B0DEMO0036,106,92,3587
B0DEMO0036,107,84,3636
B0DEMO0036,108,85,3688
B0DEMO0036,109,78,3742
B0DEMO0036,110,90,3790
B0DEMO0036,111,88,3849
B0DEMO0036,112,90,3894
B0DEMO0036,113,83,3965
B0DEMO0036,114,91,4030
B0DEMO0036,115,86,4079
B0DEMO0036,116,84,4145
B0DEMO0036,117,82,4202
B0DEMO0036,118,90,4262
B0DEMO0036,119,86,4313
